date,engine,device,visits,conversions,revenue,cost,conversion_rate,EPV,CPV,profit_per_visit,roas
2026-03-01,Bing,desktop,120,37,245.9814,286.2846,0.3083,2.0498,2.3857,-0.3359,0.859
2026-03-01,Bing,mobile,198,51,458.1553,449.6218,0.2576,2.3139,2.2708,0.0431,1.019
2026-03-01,Bing,tablet,35,14,229.3799,68.51,0.4,6.5537,1.9574,4.5963,3.348
2026-03-01,Google,desktop,351,163,1677.3771,1027.0123,0.4644,4.7789,2.926,1.8529,1.633
2026-03-01,Google,mobile,554,229,2341.6624,1652.6181,0.4134,4.2268,2.9831,1.2437,1.417
2026-03-01,Google,tablet,85,41,376.8995,283.0549,0.4824,4.4341,3.3301,1.104,1.332
2026-03-01,Organic,desktop,146,60,643.9871,79.0348,0.411,4.4109,0.5413,3.8696,8.148
2026-03-01,Organic,mobile,267,113,3423.9374,173.6809,0.4232,12.8237,0.6505,12.1732,19.714
2026-03-01,Organic,tablet,30,12,53.2579,14.749,0.4,1.7753,0.4916,1.2837,3.611
2026-03-01,Social,desktop,63,20,371.5295,135.1477,0.3175,5.8973,2.1452,3.7521,2.749
2026-03-01,Social,mobile,110,23,254.5895,225.9146,0.2091,2.3144,2.0538,0.2606,1.127
2026-03-01,Social,tablet,10,5,18.6211,20.793,0.5,1.8621,2.0793,-0.2172,0.896
2026-03-02,Bing,desktop,105,33,756.4167,546.0306,0.3143,7.204,5.2003,2.0037,1.385
2026-03-02,Bing,mobile,236,86,2470.7525,1144.2355,0.3644,10.4693,4.8485,5.6208,2.159
2026-03-02,Bing,tablet,26,12,290.0586,125.02799999999999,0.4615,11.1561,4.8088,6.3473,2.32
2026-03-02,Google,desktop,334,149,3220.7841,2074.1918,0.4461,9.6431,6.2102,3.4329,1.553
2026-03-02,Google,mobile,558,254,7936.2916,3838.3595,0.4552,14.2227,6.8788,7.3439,2.068
2026-03-02,Google,tablet,55,22,784.4396,394.0184,0.4,14.2625,7.164,7.0985,1.991
2026-03-02,Organic,desktop,135,57,1423.5695,170.2773,0.4222,10.545,1.2613,9.2837,8.36
2026-03-02,Organic,mobile,205,102,1682.8192,187.8283,0.4976,8.2089,0.9162,7.2927,8.959
2026-03-02,Organic,tablet,41,15,242.89119999999997,33.1738,0.3659,5.9242,0.8091,5.1151,7.322
2026-03-02,Social,desktop,55,12,128.71020000000001,240.3097,0.2182,2.3402,4.3693,-2.0291,0.536
2026-03-02,Social,mobile,111,38,900.9468,480.4665,0.3423,8.1166,4.3285,3.7881,1.875
2026-03-02,Social,tablet,23,7,298.6197,89.4164,0.3043,12.9835,3.8877,9.0958,3.34
2026-03-03,Bing,desktop,128,50,1427.7978,615.6241,0.3906,11.1547,4.8096,6.3451,2.319
2026-03-03,Bing,mobile,205,60,1409.4695,1057.0792,0.2927,6.8755,5.1565,1.719,1.333
2026-03-03,Bing,tablet,26,7,90.4,145.7798,0.2692,3.4769,5.6069,-2.13,0.62
2026-03-03,Google,desktop,344,166,4403.5401,2295.0089,0.4826,12.801,6.6715,6.1295,1.919
2026-03-03,Google,mobile,555,246,5151.4232,3599.46,0.4432,9.2818,6.4855,2.7963,1.431
2026-03-03,Google,tablet,82,29,2255.5456999999997,499.427,0.3537,27.5067,6.0906,21.4161,4.516
2026-03-03,Organic,desktop,148,67,1265.3783,172.5542,0.4527,8.5499,1.1659,7.384,7.333
2026-03-03,Organic,mobile,242,91,2473.8381,263.1061,0.376,10.2225,1.0872,9.1353,9.402
2026-03-03,Organic,tablet,19,6,214.3158,24.9622,0.3158,11.2798,1.3138,9.966,8.586
2026-03-03,Social,desktop,74,22,790.9684,246.1905,0.2973,10.6888,3.3269,7.3619,3.213
2026-03-03,Social,mobile,120,32,470.5388,422.5431,0.2667,3.9212,3.5212,0.4,1.114
2026-03-03,Social,tablet,14,2,177.1578,85.2584,0.1429,12.6541,6.0899,6.5642,2.078
2026-03-04,Bing,desktop,116,39,866.2596,665.3506,0.3362,7.4678,5.7358,1.732,1.302
2026-03-04,Bing,mobile,210,64,813.7722,896.0434,0.3048,3.8751,4.2669,-0.3918,0.908
2026-03-04,Bing,tablet,22,10,267.3447,124.218,0.4545,12.152,5.6463,6.5057,2.152
2026-03-04,Google,desktop,351,162,4820.6519,2255.6965,0.4615,13.7341,6.4265,7.3076,2.137
2026-03-04,Google,mobile,603,269,6484.8468,3658.67,0.4461,10.7543,6.0674,4.6869,1.772
2026-03-04,Google,tablet,73,34,448.9492,453.6123,0.4658,6.15,6.2139,-0.0639,0.99
2026-03-04,Organic,desktop,158,61,1068.8212,170.1915,0.3861,6.7647,1.0772,5.6875,6.28
2026-03-04,Organic,mobile,268,114,2084.7519,264.5591,0.4254,7.7789,0.9872,6.7917,7.88
2026-03-04,Organic,tablet,41,19,470.058,44.2554,0.4634,11.4648,1.0794,10.3854,10.621
2026-03-04,Social,desktop,58,15,415.3393,289.5398,0.2586,7.161,4.9921,2.1689,1.434
2026-03-04,Social,mobile,118,24,718.3784,399.6427,0.2034,6.088,3.3868,2.7012,1.798
2026-03-04,Social,tablet,10,2,15.072399999999998,13.8104,0.2,1.5072,1.381,0.1262,1.091
2026-03-05,Bing,desktop,108,39,1378.4472,514.5254,0.3611,12.7634,4.7641,7.9993,2.679
2026-03-05,Bing,mobile,201,61,1223.5752,1137.3796,0.3035,6.0874,5.6586,0.4288,1.076
2026-03-05,Bing,tablet,20,6,80.5438,119.4896,0.3,4.0272,5.9745,-1.9473,0.674
2026-03-05,Google,desktop,304,137,2709.9344,2018.7882,0.4507,8.9143,6.6408,2.2735,1.342
2026-03-05,Google,mobile,590,248,5192.1692,4098.5714,0.4203,8.8003,6.9467,1.8536,1.267
2026-03-05,Google,tablet,87,40,1132.0744,532.1752,0.4598,13.0123,6.117,6.8953,2.127
2026-03-05,Organic,desktop,165,61,769.355,185.9166,0.3697,4.6628,1.1268,3.536,4.138
2026-03-05,Organic,mobile,245,104,1766.8093,257.2761,0.4245,7.2115,1.0501,6.1614,6.867
2026-03-05,Organic,tablet,36,13,76.94550000000001,35.7498,0.3611,2.1374,0.993,1.1444,2.152
2026-03-05,Social,desktop,61,18,516.1354,224.37369999999999,0.2951,8.4612,3.6783,4.7829,2.3
2026-03-05,Social,mobile,129,31,625.3659,547.2057,0.2403,4.8478,4.2419,0.6059,1.143
2026-03-05,Social,tablet,21,6,39.2255,92.8649,0.2857,1.8679,4.4221,-2.5542,0.422
2026-03-06,Bing,desktop,124,42,773.3186000000001,601.6335,0.3387,6.2364,4.8519,1.3845,1.285
2026-03-06,Bing,mobile,194,73,1766.4275,870.2852,0.3763,9.1053,4.486,4.6193,2.03
2026-03-06,Bing,tablet,23,9,240.823,153.0763,0.3913,10.4706,6.6555,3.8151,1.573
2026-03-06,Google,desktop,301,127,3359.8579,2171.176,0.4219,11.1623,7.2132,3.9491,1.547
2026-03-06,Google,mobile,554,250,7432.7742,3647.545,0.4513,13.4166,6.584,6.8326,2.038
2026-03-06,Google,tablet,74,26,518.2301,411.01370000000003,0.3514,7.0031,5.5542,1.4489,1.261
2026-03-06,Organic,desktop,151,68,1424.9438,153.9134,0.4503,9.4367,1.0193,8.4174,9.258
2026-03-06,Organic,mobile,254,103,2609.2299,304.6101,0.4055,10.2726,1.1993,9.0733,8.566
2026-03-06,Organic,tablet,38,21,417.0951,34.8192,0.5526,10.9762,0.9163,10.0599,11.979
2026-03-06,Social,desktop,65,19,409.6202,283.0743,0.2923,6.3018,4.355,1.9468,1.447
2026-03-06,Social,mobile,121,31,549.0677000000001,433.3438,0.2562,4.5377,3.5814,0.9563,1.267
2026-03-06,Social,tablet,11,4,22.6791,21.3645,0.3636,2.0617,1.9422,0.1195,1.062
2026-03-07,Bing,desktop,120,37,237.5446,222.9874,0.3083,1.9795,1.8582,0.1213,1.065
2026-03-07,Bing,mobile,217,70,955.1032,502.7935,0.3226,4.4014,2.317,2.0844,1.9
2026-03-07,Bing,tablet,30,7,295.4706,98.3227,0.2333,9.849,3.2774,6.5716,3.005
2026-03-07,Google,desktop,343,143,2147.7188,1158.6112,0.4169,6.2616,3.3779,2.8837,1.854
2026-03-07,Google,mobile,540,223,2244.4079,1536.0864,0.413,4.1563,2.8446,1.3117,1.461
2026-03-07,Google,tablet,94,39,429.2105,307.644,0.4149,4.5661,3.2728,1.2933,1.395
2026-03-07,Organic,desktop,153,59,426.2561,69.3609,0.3856,2.786,0.4533,2.3327,6.145
2026-03-07,Organic,mobile,262,123,1429.8729,146.9915,0.4695,5.4575,0.561,4.8965,9.728
2026-03-07,Organic,tablet,39,18,204.77790000000002,28.8762,0.4615,5.2507,0.7404,4.5103,7.092
2026-03-07,Social,desktop,54,17,130.9478,100.7331,0.3148,2.425,1.8654,0.5596,1.3
2026-03-07,Social,mobile,136,45,427.7018,294.1876,0.3309,3.1449,2.1631,0.9818,1.454
2026-03-07,Social,tablet,15,2,15.8494,38.0704,0.1333,1.0566,2.538,-1.4814,0.416
2026-03-08,Bing,desktop,121,51,412.8583,269.9275,0.4215,3.4121,2.2308,1.1813,1.53
2026-03-08,Bing,mobile,218,83,685.7124,526.2152,0.3807,3.1455,2.4138,0.7317,1.303
2026-03-08,Bing,tablet,28,15,100.1536,42.599000000000004,0.5357,3.5769,1.5214,2.0555,2.351
2026-03-08,Google,desktop,339,155,1682.8371,924.4651,0.4572,4.9641,2.727,2.2371,1.82
2026-03-08,Google,mobile,561,251,2506.1774,1733.53,0.4474,4.4673,3.0901,1.3772,1.446
2026-03-08,Google,tablet,96,38,339.2511,233.9244,0.3958,3.5339,2.4367,1.0972,1.45
2026-03-08,Organic,desktop,146,58,1039.7149,77.0031,0.3973,7.1213,0.5274,6.5939,13.502
2026-03-08,Organic,mobile,282,107,793.1903,145.6546,0.3794,2.8127,0.5165,2.2962,5.446
2026-03-08,Organic,tablet,30,15,97.8967,13.0359,0.5,3.2632,0.4345,2.8287,7.51
2026-03-08,Social,desktop,62,21,194.34490000000002,106.81700000000001,0.3387,3.1346,1.7229,1.4117,1.819
2026-03-08,Social,mobile,108,28,286.8303,143.998,0.2593,2.6558,1.3333,1.3225,1.992
2026-03-08,Social,tablet,12,4,21.8834,14.2117,0.3333,1.8236,1.1843,0.6393,1.54
2026-03-09,Bing,desktop,113,39,754.0111,572.1651,0.3451,6.6727,5.0634,1.6093,1.318
2026-03-09,Bing,mobile,184,60,1657.9885,916.1172,0.3261,9.0108,4.9789,4.0319,1.81
2026-03-09,Bing,tablet,21,9,355.3417,109.554,0.4286,16.921,5.2169,11.7041,3.244
2026-03-09,Google,desktop,357,144,3621.7135,2404.0524,0.4034,10.1449,6.734,3.4109,1.507
2026-03-09,Google,mobile,572,247,5627.0346,3784.1904,0.4318,9.8375,6.6157,3.2218,1.487
2026-03-09,Google,tablet,64,27,1212.6433,577.6975,0.4219,18.9476,9.0265,9.9211,2.099
2026-03-09,Organic,desktop,129,51,1209.2156,137.4462,0.3953,9.3738,1.0655,8.3083,8.798
2026-03-09,Organic,mobile,243,89,1565.4713,277.9866,0.3663,6.4423,1.144,5.2983,5.631
2026-03-09,Organic,tablet,38,22,361.2011,38.6141,0.5789,9.5053,1.0162,8.4891,9.354
2026-03-09,Social,desktop,72,22,487.3048,323.0091,0.3056,6.7681,4.4862,2.2819,1.509
2026-03-09,Social,mobile,114,31,906.1404,517.4422,0.2719,7.9486,4.539,3.4096,1.751
2026-03-09,Social,tablet,13,4,158.7851,59.4172,0.3077,12.2142,4.5706,7.6436,2.672
2026-03-10,Bing,desktop,110,30,570.5774,629.5424,0.2727,5.1871,5.7231,-0.536,0.906
2026-03-10,Bing,mobile,218,81,1677.1288,1059.1277,0.3716,7.6933,4.8584,2.8349,1.584
2026-03-10,Bing,tablet,22,7,270.6085,95.3635,0.3182,12.3004,4.3347,7.9657,2.838
2026-03-10,Google,desktop,374,152,3016.9023,2413.627,0.4064,8.0666,6.4535,1.6131,1.25
2026-03-10,Google,mobile,594,250,8687.5438,3982.2929,0.4209,14.6255,6.7042,7.9213,2.182
2026-03-10,Google,tablet,71,32,790.3141,443.6582,0.4507,11.1312,6.2487,4.8825,1.781
2026-03-10,Organic,desktop,140,55,1078.9847,155.5162,0.3929,7.707,1.1108,6.5962,6.938
2026-03-10,Organic,mobile,256,110,2742.911,287.2983,0.4297,10.7145,1.1223,9.5922,9.547
2026-03-10,Organic,tablet,44,13,151.2844,42.7895,0.2955,3.4383,0.9725,2.4658,3.536
2026-03-10,Social,desktop,63,20,233.8067,204.8531,0.3175,3.7112,3.2516,0.4596,1.141
2026-03-10,Social,mobile,114,43,747.1576,496.9619,0.3772,6.554,4.3593,2.1947,1.503
2026-03-10,Social,tablet,24,10,140.04070000000002,77.0978,0.4167,5.835,3.2124,2.6226,1.816
2026-03-11,Bing,desktop,133,40,641.8193,665.1553,0.3008,4.8257,5.0012,-0.1755,0.965
2026-03-11,Bing,mobile,206,66,1318.7666,1068.7254,0.3204,6.4018,5.188,1.2138,1.234
2026-03-11,Bing,tablet,23,6,160.209,84.7712,0.2609,6.9656,3.6857,3.2799,1.89
2026-03-11,Google,desktop,317,141,3276.2886,2186.0121,0.4448,10.3353,6.8959,3.4394,1.499
2026-03-11,Google,mobile,581,258,5903.9023,3847.247,0.4441,10.1616,6.6218,3.5398,1.535
2026-03-11,Google,tablet,82,33,725.5363,528.737,0.4024,8.848,6.448,2.4,1.372
2026-03-11,Organic,desktop,149,62,2199.3955,197.0052,0.4161,14.761,1.3222,13.4388,11.164
2026-03-11,Organic,mobile,259,98,2773.3291,305.4239,0.3784,10.7078,1.1792,9.5286,9.08
2026-03-11,Organic,tablet,28,13,455.7888,39.3207,0.4643,16.2782,1.4043,14.8739,11.592
2026-03-11,Social,desktop,86,24,412.8049,310.5941,0.2791,4.8001,3.6116,1.1885,1.329
2026-03-11,Social,mobile,120,32,383.8112,438.6217,0.2667,3.1984,3.6552,-0.4568,0.875
2026-03-11,Social,tablet,17,5,158.82829999999998,23.4924,0.2941,9.3428,1.3819,7.9609,6.761
2026-03-12,Bing,desktop,119,48,959.4056,572.8047,0.4034,8.0622,4.8135,3.2487,1.675
2026-03-12,Bing,mobile,183,55,969.9029,961.9718,0.3005,5.3,5.2567,0.0433,1.008
2026-03-12,Bing,tablet,32,9,409.338,174.5051,0.2812,12.7918,5.4533,7.3385,2.346
2026-03-12,Google,desktop,367,173,3721.5795,2296.3023,0.4714,10.1405,6.257,3.8835,1.621
2026-03-12,Google,mobile,579,251,5136.7613,3777.3759,0.4335,8.8718,6.524,2.3478,1.36
2026-03-12,Google,tablet,64,29,785.4153,445.0399,0.4531,12.2721,6.9537,5.3184,1.765
2026-03-12,Organic,desktop,146,60,1194.1071,164.9963,0.411,8.1788,1.1301,7.0487,7.237
2026-03-12,Organic,mobile,260,106,2827.626,294.3952,0.4077,10.8755,1.1323,9.7432,9.605
2026-03-12,Organic,tablet,38,17,370.97180000000003,40.344500000000004,0.4474,9.7624,1.0617,8.7007,9.195
2026-03-12,Social,desktop,67,12,302.0399,276.2286,0.1791,4.5081,4.1228,0.3853,1.093
2026-03-12,Social,mobile,103,32,570.8551,471.2038,0.3107,5.5423,4.5748,0.9675,1.211
2026-03-12,Social,tablet,17,2,12.722100000000001,58.0555,0.1176,0.7484,3.415,-2.6666,0.219
2026-03-13,Bing,desktop,118,40,852.3919,557.9331,0.339,7.2237,4.7282,2.4955,1.528
2026-03-13,Bing,mobile,195,62,1294.9046,1102.6865,0.3179,6.6405,5.6548,0.9857,1.174
2026-03-13,Bing,tablet,24,12,546.7645,189.2151,0.5,22.7819,7.884,14.8979,2.89
2026-03-13,Google,desktop,321,138,3203.2596,2262.7103,0.4299,9.979,7.0489,2.9301,1.416
2026-03-13,Google,mobile,550,249,6571.6098,3553.4613,0.4527,11.9484,6.4608,5.4876,1.849
2026-03-13,Google,tablet,77,37,562.6668999999999,450.5433,0.4805,7.3074,5.8512,1.4562,1.249
2026-03-13,Organic,desktop,130,54,1005.0419,143.8341,0.4154,7.7311,1.1064,6.6247,6.988
2026-03-13,Organic,mobile,252,129,3826.5142,304.3285,0.5119,15.1846,1.2077,13.9769,12.574
2026-03-13,Organic,tablet,32,11,102.78699999999999,29.8621,0.3438,3.2121,0.9332,2.2789,3.442
2026-03-13,Social,desktop,68,14,215.2415,203.8282,0.2059,3.1653,2.9975,0.1678,1.056
2026-03-13,Social,mobile,143,33,544.2636,508.6496,0.2308,3.806,3.557,0.249,1.07
2026-03-13,Social,tablet,24,8,175.591,122.4507,0.3333,7.3163,5.1021,2.2142,1.434
2026-03-14,Bing,desktop,109,42,825.595,290.58299999999997,0.3853,7.5743,2.6659,4.9084,2.841
2026-03-14,Bing,mobile,185,74,955.0498,441.9688,0.4,5.1624,2.389,2.7734,2.161
2026-03-14,Bing,tablet,30,8,63.0937,36.918,0.2667,2.1031,1.2306,0.8725,1.709
2026-03-14,Google,desktop,374,162,2446.5875,1398.1456,0.4332,6.5417,3.7384,2.8033,1.75
2026-03-14,Google,mobile,555,235,1926.1947,1612.6512,0.4234,3.4706,2.9057,0.5649,1.194
2026-03-14,Google,tablet,85,38,270.2855,218.0413,0.4471,3.1798,2.5652,0.6146,1.24
2026-03-14,Organic,desktop,140,49,621.8181,69.6447,0.35,4.4416,0.4975,3.9441,8.928
2026-03-14,Organic,mobile,232,99,1136.5549,133.831,0.4267,4.8989,0.5769,4.322,8.492
2026-03-14,Organic,tablet,35,18,91.8599,12.9811,0.5143,2.6246,0.3709,2.2537,7.076
2026-03-14,Social,desktop,58,19,89.30290000000001,76.8497,0.3276,1.5397,1.325,0.2147,1.162
2026-03-14,Social,mobile,110,37,302.7726,219.815,0.3364,2.7525,1.9983,0.7542,1.377
2026-03-14,Social,tablet,17,4,49.3716,36.5513,0.2353,2.9042,2.1501,0.7541,1.351
2026-03-15,Bing,desktop,107,41,860.7892999999999,232.4746,0.3832,8.0448,2.1727,5.8721,3.703
2026-03-15,Bing,mobile,193,63,505.7407,475.8394,0.3264,2.6204,2.4655,0.1549,1.063
2026-03-15,Bing,tablet,34,12,145.5695,112.5253,0.3529,4.2815,3.3096,0.9719,1.294
2026-03-15,Google,desktop,337,165,1898.0791,1041.9235,0.4896,5.6323,3.0918,2.5405,1.822
2026-03-15,Google,mobile,610,272,2890.5108,1827.361,0.4459,4.7385,2.9957,1.7428,1.582
2026-03-15,Google,tablet,84,47,343.5215,220.103,0.5595,4.0895,2.6203,1.4692,1.561
2026-03-15,Organic,desktop,133,64,1994.1778,68.3013,0.4812,14.9938,0.5135,14.4803,29.197
2026-03-15,Organic,mobile,261,105,835.318,121.1631,0.4023,3.2005,0.4642,2.7363,6.894
2026-03-15,Organic,tablet,33,15,98.5236,15.233600000000001,0.4545,2.9856,0.4616,2.524,6.468
2026-03-15,Social,desktop,53,16,221.4129,136.6557,0.3019,4.1776,2.5784,1.5992,1.62
2026-03-15,Social,mobile,109,35,255.9526,232.6747,0.3211,2.3482,2.1346,0.2136,1.1
2026-03-15,Social,tablet,15,5,21.6812,22.5601,0.3333,1.4454,1.504,-0.0586,0.961
2026-03-16,Bing,desktop,127,46,1056.9275,691.7567,0.3622,8.3223,5.4469,2.8754,1.528
2026-03-16,Bing,mobile,212,75,1695.705,1049.2177,0.3538,7.9986,4.9491,3.0495,1.616
2026-03-16,Bing,tablet,29,8,140.5431,162.5274,0.2759,4.8463,5.6044,-0.7581,0.865
2026-03-16,Google,desktop,331,157,3629.5005,2142.3186,0.4743,10.9653,6.4723,4.493,1.694
2026-03-16,Google,mobile,617,250,6154.2653,4188.019,0.4052,9.9745,6.7877,3.1868,1.469
2026-03-16,Google,tablet,65,25,580.0444,449.6513,0.3846,8.9238,6.9177,2.0061,1.29
2026-03-16,Organic,desktop,146,67,1345.7295,150.109,0.4589,9.2173,1.0281,8.1892,8.965
2026-03-16,Organic,mobile,266,106,2040.5967,273.0427,0.3985,7.6714,1.0265,6.6449,7.474
2026-03-16,Organic,tablet,23,14,244.2507,26.1622,0.6087,10.6196,1.1375,9.4821,9.336
2026-03-16,Social,desktop,60,19,335.24330000000003,237.19650000000001,0.3167,5.5874,3.9533,1.6341,1.413
2026-03-16,Social,mobile,119,46,798.9143,463.3135,0.3866,6.7136,3.8934,2.8202,1.724
2026-03-16,Social,tablet,8,4,127.3856,22.2933,0.5,15.9232,2.7867,13.1365,5.714
2026-03-17,Bing,desktop,138,45,1686.3735,791.4666,0.3261,12.2201,5.7353,6.4848,2.131
2026-03-17,Bing,mobile,200,72,1135.6721,988.3202,0.36,5.6784,4.9416,0.7368,1.149
2026-03-17,Bing,tablet,21,6,234.7467,113.7145,0.2857,11.1784,5.415,5.7634,2.064
2026-03-17,Google,desktop,340,151,3617.5004,2129.2704,0.4441,10.6397,6.2626,4.3771,1.699
2026-03-17,Google,mobile,550,221,4549.2616,3813.9858,0.4018,8.2714,6.9345,1.3369,1.193
2026-03-17,Google,tablet,87,35,511.0856,467.0887,0.4023,5.8745,5.3688,0.5057,1.094
2026-03-17,Organic,desktop,166,66,1608.1914,181.0976,0.3976,9.6879,1.0909,8.597,8.88
2026-03-17,Organic,mobile,224,92,2113.3401,264.7396,0.4107,9.4346,1.1819,8.2527,7.983
2026-03-17,Organic,tablet,38,13,229.90269999999998,58.1379,0.3421,6.0501,1.5299,4.5202,3.954
2026-03-17,Social,desktop,55,11,177.1681,172.531,0.2,3.2212,3.1369,0.0843,1.027
2026-03-17,Social,mobile,117,41,856.9975,443.4185,0.3504,7.3248,3.7899,3.5349,1.933
2026-03-17,Social,tablet,16,2,21.616,62.4883,0.125,1.351,3.9055,-2.5545,0.346
2026-03-18,Bing,desktop,117,53,1201.6784,636.807,0.453,10.2708,5.4428,4.828,1.887
2026-03-18,Bing,mobile,211,72,1404.6505,1129.8171,0.3412,6.6571,5.3546,1.3025,1.243
2026-03-18,Bing,tablet,31,12,63.5992,159.1184,0.3871,2.0516,5.1329,-3.0813,0.4
2026-03-18,Google,desktop,328,139,2658.5074,2137.7499,0.4238,8.1052,6.5175,1.5877,1.244
2026-03-18,Google,mobile,552,240,6337.0743,3840.4126,0.4348,11.4802,6.9573,4.5229,1.65
2026-03-18,Google,tablet,83,38,441.7268,549.9087,0.4578,5.322,6.6254,-1.3034,0.803
2026-03-18,Organic,desktop,130,58,1299.7549999999999,141.822,0.4462,9.9981,1.0909,8.9072,9.165
2026-03-18,Organic,mobile,250,96,1486.9172,283.5878,0.384,5.9477,1.1344,4.8133,5.243
2026-03-18,Organic,tablet,36,16,286.0728,29.1506,0.4444,7.9465,0.8097,7.1368,9.814
2026-03-18,Social,desktop,65,22,588.8652,227.1287,0.3385,9.0595,3.4943,5.5652,2.593
2026-03-18,Social,mobile,127,40,643.2646,394.8526,0.315,5.0651,3.1091,1.956,1.629
2026-03-18,Social,tablet,25,6,185.8627,103.75970000000001,0.24,7.4345,4.1504,3.2841,1.791
2026-03-19,Bing,desktop,115,37,1535.2729,625.6227,0.3217,13.3502,5.4402,7.91,2.454
2026-03-19,Bing,mobile,216,75,1889.7213,1049.2637,0.3472,8.7487,4.8577,3.891,1.801
2026-03-19,Bing,tablet,32,15,198.9014,198.4526,0.4688,6.2157,6.2016,0.0141,1.002
2026-03-19,Google,desktop,342,148,3271.2188,2319.5899,0.4327,9.565,6.7824,2.7826,1.41
2026-03-19,Google,mobile,564,244,5211.4137,3672.8436,0.4326,9.2401,6.5121,2.728,1.419
2026-03-19,Google,tablet,82,35,837.593,541.187,0.4268,10.2145,6.5998,3.6147,1.548
2026-03-19,Organic,desktop,148,59,1697.7047,167.8008,0.3986,11.471,1.1338,10.3372,10.117
2026-03-19,Organic,mobile,271,105,2219.4984,304.2736,0.3875,8.19,1.1228,7.0672,7.294
2026-03-19,Organic,tablet,15,7,35.8938,24.909100000000002,0.4667,2.3929,1.6606,0.7323,1.441
2026-03-19,Social,desktop,65,21,789.9765,256.942,0.3231,12.1535,3.953,8.2005,3.075
2026-03-19,Social,mobile,118,36,1090.7581,467.34860000000003,0.3051,9.2437,3.9606,5.2831,2.334
2026-03-19,Social,tablet,16,4,20.0325,55.6149,0.25,1.252,3.4759,-2.2239,0.36
2026-03-20,Bing,desktop,121,40,657.0938,610.9578,0.3306,5.4305,5.0492,0.3813,1.076
2026-03-20,Bing,mobile,237,84,1300.2092,1044.8037,0.3544,5.4861,4.4085,1.0776,1.244
2026-03-20,Bing,tablet,22,4,103.75359999999999,113.95400000000001,0.1818,4.7161,5.1797,-0.4636,0.91
2026-03-20,Google,desktop,341,161,2625.7776,2218.5408,0.4721,7.7002,6.506,1.1942,1.184
2026-03-20,Google,mobile,576,253,6386.6709,3818.2262,0.4392,11.088,6.6289,4.4591,1.673
2026-03-20,Google,tablet,71,34,511.2632,427.5349,0.4789,7.2009,6.0216,1.1793,1.196
2026-03-20,Organic,desktop,124,56,1147.5956,138.5957,0.4516,9.2548,1.1177,8.1371,8.28
2026-03-20,Organic,mobile,244,86,1856.691,272.3609,0.3525,7.6094,1.1162,6.4932,6.817
2026-03-20,Organic,tablet,34,16,702.4853999999999,44.3197,0.4706,20.6613,1.3035,19.3578,15.85
2026-03-20,Social,desktop,62,17,893.0541,278.9771,0.2742,14.4041,4.4996,9.9045,3.201
2026-03-20,Social,mobile,104,38,1052.0823,343.3301,0.3654,10.1162,3.3013,6.8149,3.064
2026-03-20,Social,tablet,20,6,254.9488,61.3221,0.3,12.7474,3.0661,9.6813,4.158
2026-03-21,Bing,desktop,129,56,557.7079,293.3891,0.4341,4.3233,2.2743,2.049,1.901
2026-03-21,Bing,mobile,197,57,649.6021,452.6432,0.2893,3.2975,2.2977,0.9998,1.435
2026-03-21,Bing,tablet,21,7,41.2003,28.0838,0.3333,1.9619,1.3373,0.6246,1.467
2026-03-21,Google,desktop,327,166,1764.3228,1126.5401,0.5076,5.3955,3.4451,1.9504,1.566
2026-03-21,Google,mobile,603,250,2665.5618,1836.4772,0.4146,4.4205,3.0456,1.3749,1.451
2026-03-21,Google,tablet,70,34,408.1048,223.0295,0.4857,5.8301,3.1861,2.644,1.83
2026-03-21,Organic,desktop,155,67,922.0701,76.6561,0.4323,5.9488,0.4946,5.4542,12.029
2026-03-21,Organic,mobile,253,106,673.1151,126.2757,0.419,2.6605,0.4991,2.1614,5.331
2026-03-21,Organic,tablet,40,13,71.4157,17.5476,0.325,1.7854,0.4387,1.3467,4.07
2026-03-21,Social,desktop,72,18,247.0398,154.3756,0.25,3.4311,2.1441,1.287,1.6
2026-03-21,Social,mobile,105,29,425.2405,261.4867,0.2762,4.0499,2.4903,1.5596,1.626
2026-03-21,Social,tablet,22,6,37.4967,23.0073,0.2727,1.7044,1.0458,0.6586,1.63
2026-03-22,Bing,desktop,138,52,453.5727,287.2906,0.3768,3.2868,2.0818,1.205,1.579
2026-03-22,Bing,mobile,221,83,977.9075,560.3125,0.3756,4.4249,2.5354,1.8895,1.745
2026-03-22,Bing,tablet,28,15,111.5167,54.6111,0.5357,3.9827,1.9504,2.0323,2.042
2026-03-22,Google,desktop,321,148,1732.7346,1073.1723,0.4611,5.3979,3.3432,2.0547,1.615
2026-03-22,Google,mobile,576,277,2556.8992,1822.5656,0.4809,4.4391,3.1642,1.2749,1.403
2026-03-22,Google,tablet,84,43,302.5927,226.2537,0.5119,3.6023,2.6935,0.9088,1.337
2026-03-22,Organic,desktop,161,80,759.018,84.6857,0.4969,4.7144,0.526,4.1884,8.963
2026-03-22,Organic,mobile,247,97,709.197,124.4872,0.3927,2.8712,0.504,2.3672,5.697
2026-03-22,Organic,tablet,30,17,203.42329999999998,19.373,0.5667,6.7808,0.6458,6.135,10.5
2026-03-22,Social,desktop,59,21,640.5616,84.9749,0.3559,10.857,1.4403,9.4167,7.538
2026-03-22,Social,mobile,113,33,411.4556,231.7013,0.292,3.6412,2.0505,1.5907,1.776
2026-03-22,Social,tablet,10,6,48.833400000000005,10.175,0.6,4.8833,1.0175,3.8658,4.799
2026-03-23,Bing,desktop,119,42,477.53839999999997,537.9132,0.3529,4.0129,4.5203,-0.5074,0.888
2026-03-23,Bing,mobile,233,78,1432.0128,1030.5423,0.3348,6.146,4.4229,1.7231,1.39
2026-03-23,Bing,tablet,38,9,231.37,180.2978,0.2368,6.0887,4.7447,1.344,1.283
2026-03-23,Google,desktop,373,171,4811.4196,2381.883,0.4584,12.8992,6.3857,6.5135,2.02
2026-03-23,Google,mobile,558,248,4971.6243,3535.2569,0.4444,8.9097,6.3356,2.5741,1.406
2026-03-23,Google,tablet,79,37,686.3137,548.1594,0.4684,8.6875,6.9387,1.7488,1.252
2026-03-23,Organic,desktop,148,57,1311.3942,162.8441,0.3851,8.8608,1.1003,7.7605,8.053
2026-03-23,Organic,mobile,234,86,1900.1263999999999,296.7844,0.3675,8.1202,1.2683,6.8519,6.402
2026-03-23,Organic,tablet,31,11,237.15970000000002,32.0033,0.3548,7.6503,1.0324,6.6179,7.41
2026-03-23,Social,desktop,77,19,599.0596,260.0371,0.2468,7.78,3.3771,4.4029,2.304
2026-03-23,Social,mobile,121,35,594.3036,498.10450000000003,0.2893,4.9116,4.1166,0.795,1.193
2026-03-23,Social,tablet,11,4,27.6053,44.819599999999994,0.3636,2.5096,4.0745,-1.5649,0.616
2026-03-24,Bing,desktop,124,55,958.1316,606.6158,0.4435,7.7269,4.8921,2.8348,1.579
2026-03-24,Bing,mobile,195,56,1357.7752,945.8969,0.2872,6.9629,4.8508,2.1121,1.435
2026-03-24,Bing,tablet,34,11,263.3736,169.5826,0.3235,7.7463,4.9877,2.7586,1.553
2026-03-24,Google,desktop,332,129,2533.9445,2325.114,0.3886,7.6324,7.0034,0.629,1.09
2026-03-24,Google,mobile,560,251,5460.9806,3593.7556,0.4482,9.7518,6.4174,3.3344,1.52
2026-03-24,Google,tablet,68,36,771.1639,444.7197,0.5294,11.3406,6.54,4.8006,1.734
2026-03-24,Organic,desktop,150,73,1328.1035,148.8234,0.4867,8.854,0.9922,7.8618,8.924
2026-03-24,Organic,mobile,245,105,2332.6053,319.1448,0.4286,9.5208,1.3026,8.2182,7.309
2026-03-24,Organic,tablet,37,15,313.6283,44.4095,0.4054,8.4764,1.2003,7.2761,7.062
2026-03-24,Social,desktop,83,23,465.22249999999997,325.9707,0.2771,5.6051,3.9274,1.6777,1.427
2026-03-24,Social,mobile,121,27,624.1226,520.5061,0.2231,5.158,4.3017,0.8563,1.199
2026-03-24,Social,tablet,16,7,324.79949999999997,105.5052,0.4375,20.3,6.5941,13.7059,3.079
2026-03-25,Bing,desktop,132,47,1076.7257,773.9614,0.3561,8.157,5.8633,2.2937,1.391
2026-03-25,Bing,mobile,229,94,2324.3601,1220.1708,0.4105,10.15,5.3283,4.8217,1.905
2026-03-25,Bing,tablet,23,11,235.801,128.3608,0.4783,10.2522,5.5809,4.6713,1.837
2026-03-25,Google,desktop,341,134,3709.5964,2217.6526,0.393,10.8786,6.5034,4.3752,1.673
2026-03-25,Google,mobile,635,293,6498.2536,4047.6604,0.4614,10.2335,6.3743,3.8592,1.605
2026-03-25,Google,tablet,80,37,497.824,595.0364,0.4625,6.2228,7.438,-1.2152,0.837
2026-03-25,Organic,desktop,131,59,1345.5843,159.4502,0.4504,10.2716,1.2172,9.0544,8.439
2026-03-25,Organic,mobile,259,102,1632.8469,267.6002,0.3938,6.3044,1.0332,5.2712,6.102
2026-03-25,Organic,tablet,36,12,189.496,39.3621,0.3333,5.2638,1.0934,4.1704,4.814
2026-03-25,Social,desktop,65,26,962.7342,237.7592,0.4,14.8113,3.6578,11.1535,4.049
2026-03-25,Social,mobile,110,27,425.66700000000003,423.3055,0.2455,3.8697,3.8482,0.0215,1.006
2026-03-25,Social,tablet,27,8,542.2139999999999,81.7964,0.2963,20.082,3.0295,17.0525,6.629
2026-03-26,Bing,desktop,125,42,876.4379,662.4061,0.336,7.0115,5.2992,1.7123,1.323
2026-03-26,Bing,mobile,185,56,1359.8087,821.3501,0.3027,7.3503,4.4397,2.9106,1.656
2026-03-26,Bing,tablet,27,15,385.6014,141.3769,0.5556,14.2815,5.2362,9.0453,2.727
2026-03-26,Google,desktop,325,145,3370.7453,2066.2695,0.4462,10.3715,6.3578,4.0137,1.631
2026-03-26,Google,mobile,570,239,7900.802,3773.2159,0.4193,13.8611,6.6197,7.2414,2.094
2026-03-26,Google,tablet,87,43,1149.3707,578.657,0.4943,13.2112,6.6512,6.56,1.986
2026-03-26,Organic,desktop,150,69,1274.0337,148.9509,0.46,8.4936,0.993,7.5006,8.553
2026-03-26,Organic,mobile,263,117,3646.1151999999997,273.6753,0.4449,13.8636,1.0406,12.823,13.323
2026-03-26,Organic,tablet,35,18,900.9390000000001,48.0158,0.5143,25.7411,1.3719,24.3692,18.763
2026-03-26,Social,desktop,66,20,568.5407,197.2407,0.303,8.6143,2.9885,5.6258,2.882
2026-03-26,Social,mobile,99,31,708.1908,351.53749999999997,0.3131,7.1534,3.5509,3.6025,2.015
2026-03-26,Social,tablet,11,2,7.3024000000000004,39.8471,0.1818,0.6639,3.6225,-2.9586,0.183
2026-03-27,Bing,desktop,126,51,1516.1326999999999,726.2863,0.4048,12.0328,5.7642,6.2686,2.088
2026-03-27,Bing,mobile,213,74,1313.1109,977.3975,0.3474,6.1648,4.5887,1.5761,1.343
2026-03-27,Bing,tablet,32,13,301.7097,144.6316,0.4062,9.4284,4.5197,4.9087,2.086
2026-03-27,Google,desktop,327,137,3829.6728,2259.0812,0.419,11.7115,6.9085,4.803,1.695
2026-03-27,Google,mobile,602,258,5489.4312,4050.2155,0.4286,9.1187,6.7279,2.3908,1.355
2026-03-27,Google,tablet,86,30,409.0962,611.6128,0.3488,4.7569,7.1118,-2.3549,0.669
2026-03-27,Organic,desktop,151,61,1290.8428,160.2805,0.404,8.5486,1.0615,7.4871,8.054
2026-03-27,Organic,mobile,242,115,2553.1089,258.8915,0.4752,10.55,1.0698,9.4802,9.862
2026-03-27,Organic,tablet,28,12,188.30890000000002,32.3877,0.4286,6.7253,1.1567,5.5686,5.814
2026-03-27,Social,desktop,56,13,206.9824,229.1547,0.2321,3.6961,4.092,-0.3959,0.903
2026-03-27,Social,mobile,113,26,272.3865,525.7254,0.2301,2.4105,4.6524,-2.2419,0.518
2026-03-27,Social,tablet,17,4,41.863099999999996,67.1071,0.2353,2.4625,3.9475,-1.485,0.624
2026-03-28,Bing,desktop,129,41,439.3701,321.4702,0.3178,3.406,2.492,0.914,1.367
2026-03-28,Bing,mobile,202,62,1108.5393,435.9823,0.3069,5.4878,2.1583,3.3295,2.543
2026-03-28,Bing,tablet,23,6,172.2272,34.670700000000004,0.2609,7.4881,1.5074,5.9807,4.968
2026-03-28,Google,desktop,368,170,2052.0611,1220.9744,0.462,5.5763,3.3179,2.2584,1.681
2026-03-28,Google,mobile,549,237,3011.7526,1704.85,0.4317,5.4859,3.1054,2.3805,1.767
2026-03-28,Google,tablet,84,41,305.4606,287.5487,0.4881,3.6364,3.4232,0.2132,1.062
2026-03-28,Organic,desktop,135,55,791.1062,65.659,0.4074,5.86,0.4864,5.3736,12.049
2026-03-28,Organic,mobile,264,112,1147.8683,140.46620000000001,0.4242,4.348,0.5321,3.8159,8.172
2026-03-28,Organic,tablet,33,14,142.2477,25.7914,0.4242,4.3105,0.7816,3.5289,5.515
2026-03-28,Social,desktop,81,18,185.8063,161.603,0.2222,2.2939,1.9951,0.2988,1.15
2026-03-28,Social,mobile,135,39,184.5638,208.1116,0.2889,1.3671,1.5416,-0.1745,0.887
2026-03-28,Social,tablet,17,4,80.4825,23.552,0.2353,4.7343,1.3854,3.3489,3.417
2026-03-29,Bing,desktop,121,42,769.5951,357.8778,0.3471,6.3603,2.9577,3.4026,2.15
2026-03-29,Bing,mobile,196,71,888.5015,523.7211,0.3622,4.5332,2.672,1.8612,1.697
2026-03-29,Bing,tablet,22,9,98.1407,43.222899999999996,0.4091,4.4609,1.9647,2.4962,2.271
2026-03-29,Google,desktop,347,159,2272.2331,1199.2494,0.4582,6.5482,3.4561,3.0921,1.895
2026-03-29,Google,mobile,537,230,2408.3582,1760.1375,0.4283,4.4848,3.2777,1.2071,1.368
2026-03-29,Google,tablet,81,39,404.4018,265.92560000000003,0.4815,4.9926,3.283,1.7096,1.521
2026-03-29,Organic,desktop,147,69,598.9241,67.4068,0.4694,4.0743,0.4585,3.6158,8.885
2026-03-29,Organic,mobile,245,97,927.7704,131.8538,0.3959,3.7868,0.5382,3.2486,7.036
2026-03-29,Organic,tablet,37,18,96.7016,20.4882,0.4865,2.6136,0.5537,2.0599,4.72
2026-03-29,Social,desktop,65,11,127.4871,126.3663,0.1692,1.9613,1.9441,0.0172,1.009
2026-03-29,Social,mobile,125,26,539.747,278.9298,0.208,4.318,2.2314,2.0866,1.935
2026-03-29,Social,tablet,21,5,30.7028,32.267,0.2381,1.462,1.5365,-0.0745,0.952
2026-03-30,Bing,desktop,129,44,1131.5388,659.8648,0.3411,8.7716,5.1152,3.6564,1.715
2026-03-30,Bing,mobile,213,74,1076.3955,984.2612,0.3474,5.0535,4.6209,0.4326,1.094
2026-03-30,Bing,tablet,29,12,234.5407,114.6473,0.4138,8.0876,3.9534,4.1342,2.046
2026-03-30,Google,desktop,335,146,3403.0748,1962.8791,0.4358,10.1584,5.8593,4.2991,1.734
2026-03-30,Google,mobile,561,260,5419.6668,3626.6984,0.4635,9.6607,6.4647,3.196,1.494
2026-03-30,Google,tablet,65,33,559.8607,459.8379,0.5077,8.6132,7.0744,1.5388,1.218
2026-03-30,Organic,desktop,146,67,1279.5979,162.7537,0.4589,8.7644,1.1148,7.6496,7.862
2026-03-30,Organic,mobile,267,124,1985.6364,293.417,0.4644,7.4368,1.0989,6.3379,6.767
2026-03-30,Organic,tablet,29,14,303.1474,26.474,0.4828,10.4534,0.9129,9.5405,11.451
2026-03-30,Social,desktop,68,14,186.31810000000002,292.0885,0.2059,2.74,4.2954,-1.5554,0.638
2026-03-30,Social,mobile,116,30,735.9711,516.5521,0.2586,6.3446,4.453,1.8916,1.425
2026-03-30,Social,tablet,20,2,14.6272,77.9934,0.1,0.7314,3.8997,-3.1683,0.188
2026-03-31,Bing,desktop,106,38,747.2747,484.9608,0.3585,7.0498,4.5751,2.4747,1.541
2026-03-31,Bing,mobile,210,81,1677.8429,1027.7842,0.3857,7.9897,4.8942,3.0955,1.632
2026-03-31,Bing,tablet,24,9,169.8538,163.9775,0.375,7.0772,6.8324,0.2448,1.036
2026-03-31,Google,desktop,345,163,3947.5559,2062.7845,0.4725,11.4422,5.9791,5.4631,1.914
2026-03-31,Google,mobile,576,253,5074.5435,3814.9036,0.4392,8.81,6.6231,2.1869,1.33
2026-03-31,Google,tablet,84,35,653.0976,652.3785,0.4167,7.775,7.7664,0.0086,1.001
2026-03-31,Organic,desktop,139,55,819.9916000000001,119.7419,0.3957,5.8992,0.8615,5.0377,6.848
2026-03-31,Organic,mobile,240,90,2218.61,260.2301,0.375,9.2442,1.0843,8.1599,8.526
2026-03-31,Organic,tablet,43,15,277.9769,52.3361,0.3488,6.4646,1.2171,5.2475,5.311
2026-03-31,Social,desktop,79,30,1023.657,313.8246,0.3797,12.9577,3.9725,8.9852,3.262
2026-03-31,Social,mobile,120,33,640.6986999999999,411.6031,0.275,5.3392,3.43,1.9092,1.557
2026-03-31,Social,tablet,11,5,177.5152,53.6212,0.4545,16.1377,4.8747,11.263,3.311
2026-04-01,Bing,desktop,120,37,753.5563000000001,586.6772,0.3083,6.2796,4.889,1.3906,1.284
2026-04-01,Bing,mobile,192,65,2729.1351,956.7873,0.3385,14.2142,4.9833,9.2309,2.852
2026-04-01,Bing,tablet,32,12,224.7688,240.8051,0.375,7.024,7.5252,-0.5012,0.933
2026-04-01,Google,desktop,328,131,3177.3251,1946.7881,0.3994,9.687,5.9353,3.7517,1.632
2026-04-01,Google,mobile,626,279,5707.7054,4184.3687,0.4457,9.1177,6.6843,2.4334,1.364
2026-04-01,Google,tablet,80,32,552.9968,336.0557,0.4,6.9125,4.2007,2.7118,1.646
2026-04-01,Organic,desktop,151,65,1732.0837,186.0812,0.4305,11.4708,1.2323,10.2385,9.308
2026-04-01,Organic,mobile,273,104,2441.2793,302.6074,0.381,8.9424,1.1085,7.8339,8.067
2026-04-01,Organic,tablet,34,13,347.1212,42.1683,0.3824,10.2094,1.2402,8.9692,8.232
2026-04-01,Social,desktop,66,14,292.1104,287.2804,0.2121,4.4259,4.3527,0.0732,1.017
2026-04-01,Social,mobile,106,32,962.3194000000001,392.7695,0.3019,9.0785,3.7054,5.3731,2.45
2026-04-01,Social,tablet,12,4,67.7513,49.7613,0.3333,5.6459,4.1468,1.4991,1.362
2026-04-02,Bing,desktop,122,39,699.9712000000001,679.8463,0.3197,5.7375,5.5725,0.165,1.03
2026-04-02,Bing,mobile,194,54,1029.2005,914.064,0.2784,5.3052,4.7117,0.5935,1.126
2026-04-02,Bing,tablet,28,10,223.00109999999998,107.80590000000001,0.3571,7.9643,3.8502,4.1141,2.069
2026-04-02,Google,desktop,343,149,3380.642,2090.3115,0.4344,9.8561,6.0942,3.7619,1.617
2026-04-02,Google,mobile,610,271,5823.8093,4033.1467,0.4443,9.5472,6.6117,2.9355,1.444
2026-04-02,Google,tablet,75,42,769.2156,407.0082,0.56,10.2562,5.4268,4.8294,1.89
2026-04-02,Organic,desktop,174,68,1285.0692,220.0591,0.3908,7.3855,1.2647,6.1208,5.84
2026-04-02,Organic,mobile,246,110,1922.7759,225.9325,0.4472,7.8162,0.9184,6.8978,8.51
2026-04-02,Organic,tablet,34,21,266.0315,26.779999999999998,0.6176,7.8245,0.7876,7.0369,9.934
2026-04-02,Social,desktop,65,21,311.95709999999997,268.9169,0.3231,4.7993,4.1372,0.6621,1.16
2026-04-02,Social,mobile,118,29,679.4585,538.654,0.2458,5.7581,4.5649,1.1932,1.261
2026-04-02,Social,tablet,20,8,61.3968,38.5726,0.4,3.0698,1.9286,1.1412,1.592
2026-04-03,Bing,desktop,113,47,1473.4909,541.9074,0.4159,13.0397,4.7956,8.2441,2.719
2026-04-03,Bing,mobile,196,62,1083.7352,1041.2622,0.3163,5.5293,5.3126,0.2167,1.041
2026-04-03,Bing,tablet,24,10,243.313,104.1839,0.4167,10.138,4.341,5.797,2.335
2026-04-03,Google,desktop,302,125,3444.4990000000003,2142.4306,0.4139,11.4056,7.0941,4.3115,1.608
2026-04-03,Google,mobile,596,259,5486.4041,4174.2716,0.4346,9.2054,7.0038,2.2016,1.314
2026-04-03,Google,tablet,64,37,769.062,417.783,0.5781,12.0166,6.5279,5.4887,1.841
2026-04-03,Organic,desktop,134,52,1056.4326,163.22729999999999,0.3881,7.8838,1.2181,6.6657,6.472
2026-04-03,Organic,mobile,264,117,2247.1972,273.75690000000003,0.4432,8.5121,1.037,7.4751,8.209
2026-04-03,Organic,tablet,35,18,368.4587,30.3871,0.5143,10.5274,0.8682,9.6592,12.125
2026-04-03,Social,desktop,61,21,852.1954,230.4541,0.3443,13.9704,3.7779,10.1925,3.698
2026-04-03,Social,mobile,98,29,542.3901999999999,375.9744,0.2959,5.5346,3.8365,1.6981,1.443
2026-04-03,Social,tablet,17,5,42.9964,47.2107,0.2941,2.5292,2.7771,-0.2479,0.911
2026-04-04,Bing,desktop,137,56,629.6097,342.8892,0.4088,4.5957,2.5028,2.0929,1.836
2026-04-04,Bing,mobile,184,57,477.3727,510.1316,0.3098,2.5944,2.7725,-0.1781,0.936
2026-04-04,Bing,tablet,33,11,403.5498,121.3305,0.3333,12.2288,3.6767,8.5521,3.326
2026-04-04,Google,desktop,310,130,1300.7581,1025.4336,0.4194,4.196,3.3079,0.8881,1.268
2026-04-04,Google,mobile,543,238,1991.3108,1657.9938,0.4383,3.6672,3.0534,0.6138,1.201
2026-04-04,Google,tablet,84,38,336.0428,201.603,0.4524,4.0005,2.4,1.6005,1.667
2026-04-04,Organic,desktop,161,55,397.6314,87.9396,0.3416,2.4698,0.5462,1.9236,4.522
2026-04-04,Organic,mobile,223,89,788.7894,104.2375,0.3991,3.5372,0.4674,3.0698,7.567
2026-04-04,Organic,tablet,25,14,85.19539999999999,8.491,0.56,3.4078,0.3396,3.0682,10.034
2026-04-04,Social,desktop,73,22,196.6559,151.7685,0.3014,2.6939,2.079,0.6149,1.296
2026-04-04,Social,mobile,119,36,215.7316,197.3413,0.3025,1.8129,1.6583,0.1546,1.093
2026-04-04,Social,tablet,14,7,67.5838,13.0973,0.5,4.8274,0.9355,3.8919,5.16
2026-04-05,Bing,desktop,103,30,152.6652,248.982,0.2913,1.4822,2.4173,-0.9351,0.613
2026-04-05,Bing,mobile,199,62,728.4034,497.9392,0.3116,3.6603,2.5022,1.1581,1.463
2026-04-05,Bing,tablet,33,11,74.9332,69.8047,0.3333,2.2707,2.1153,0.1554,1.073
2026-04-05,Google,desktop,330,154,1645.4156,1059.9507,0.4667,4.9861,3.212,1.7741,1.552
2026-04-05,Google,mobile,564,252,2152.9656999999997,1692.4592,0.4468,3.8173,3.0008,0.8165,1.272
2026-04-05,Google,tablet,71,36,429.5069,229.8544,0.507,6.0494,3.2374,2.812,1.869
2026-04-05,Organic,desktop,140,61,430.2496,64.9842,0.4357,3.0732,0.4642,2.609,6.621
2026-04-05,Organic,mobile,231,90,636.0126,124.4823,0.3896,2.7533,0.5389,2.2144,5.109
2026-04-05,Organic,tablet,34,14,223.14249999999998,26.6148,0.4118,6.563,0.7828,5.7802,8.384
2026-04-05,Social,desktop,53,10,81.4624,82.1546,0.1887,1.537,1.5501,-0.0131,0.992
2026-04-05,Social,mobile,122,37,331.815,265.4594,0.3033,2.7198,2.1759,0.5439,1.25
2026-04-05,Social,tablet,15,6,90.299,36.1751,0.4,6.0199,2.4117,3.6082,2.496
2026-04-06,Bing,desktop,119,43,1343.2298,605.7148,0.3613,11.2876,5.09,6.1976,2.218
2026-04-06,Bing,mobile,201,68,1053.7448,988.4012,0.3383,5.2425,4.9174,0.3251,1.066
2026-04-06,Bing,tablet,22,9,197.69,120.8472,0.4091,8.9859,5.4931,3.4928,1.636
2026-04-06,Google,desktop,357,180,4185.0529,2268.0916,0.5042,11.7228,6.3532,5.3696,1.845
2026-04-06,Google,mobile,599,262,4636.9515,3980.7578,0.4374,7.7412,6.6457,1.0955,1.165
2026-04-06,Google,tablet,79,35,628.2135,495.8376,0.443,7.9521,6.2764,1.6757,1.267
2026-04-06,Organic,desktop,164,71,3535.4946,185.5279,0.4329,21.5579,1.1313,20.4266,19.056
2026-04-06,Organic,mobile,249,104,2343.9714,267.5145,0.4177,9.4135,1.0744,8.3391,8.762
2026-04-06,Organic,tablet,32,16,405.53400000000005,30.3698,0.5,12.6729,0.9491,11.7238,13.353
2026-04-06,Social,desktop,74,19,356.1702,245.6931,0.2568,4.8131,3.3202,1.4929,1.45
2026-04-06,Social,mobile,135,33,449.7869,569.6558,0.2444,3.3318,4.2197,-0.8879,0.79
2026-04-06,Social,tablet,16,4,175.9766,65.3295,0.25,10.9985,4.0831,6.9154,2.694
2026-04-07,Bing,desktop,104,49,1137.404,529.9656,0.4712,10.9366,5.0958,5.8408,2.146
2026-04-07,Bing,mobile,217,64,1252.1395,1178.8441,0.2949,5.7702,5.4325,0.3377,1.062
2026-04-07,Bing,tablet,32,17,604.135,182.6323,0.5312,18.8792,5.7073,13.1719,3.308
2026-04-07,Google,desktop,365,166,2826.6551,2116.8584,0.4548,7.7443,5.7996,1.9447,1.335
2026-04-07,Google,mobile,577,248,5335.4854,3838.8582,0.4298,9.2469,6.6531,2.5938,1.39
2026-04-07,Google,tablet,93,43,1181.7266,637.7701,0.4624,12.7067,6.8577,5.849,1.853
2026-04-07,Organic,desktop,154,74,1572.1662,191.286,0.4805,10.2089,1.2421,8.9668,8.219
2026-04-07,Organic,mobile,260,104,1887.7558999999999,255.4585,0.4,7.2606,0.9825,6.2781,7.39
2026-04-07,Organic,tablet,31,15,113.2598,35.3013,0.4839,3.6535,1.1388,2.5147,3.208
2026-04-07,Social,desktop,61,23,708.1027,222.5623,0.377,11.6082,3.6486,7.9596,3.182
2026-04-07,Social,mobile,115,27,402.756,410.1637,0.2348,3.5022,3.5666,-0.0644,0.982
2026-04-07,Social,tablet,19,5,15.340800000000002,49.9426,0.2632,0.8074,2.6286,-1.8212,0.307
2026-04-08,Bing,desktop,117,39,703.5905,643.2860000000001,0.3333,6.0136,5.4982,0.5154,1.094
2026-04-08,Bing,mobile,195,79,1230.2538,961.9091999999999,0.4051,6.309,4.9329,1.3761,1.279
2026-04-08,Bing,tablet,30,5,103.11529999999999,158.8905,0.1667,3.4372,5.2964,-1.8592,0.649
2026-04-08,Google,desktop,338,152,4575.4068,2011.1654,0.4497,13.5367,5.9502,7.5865,2.275
2026-04-08,Google,mobile,571,248,6408.9712,3706.1819,0.4343,11.2241,6.4907,4.7334,1.729
2026-04-08,Google,tablet,90,36,655.8915,546.0938,0.4,7.2877,6.0677,1.22,1.201
2026-04-08,Organic,desktop,156,61,1233.9108,152.7337,0.391,7.9097,0.9791,6.9306,8.079
2026-04-08,Organic,mobile,238,94,1433.192,253.4059,0.395,6.0218,1.0647,4.9571,5.656
2026-04-08,Organic,tablet,49,19,403.6814,54.161,0.3878,8.2384,1.1053,7.1331,7.453
2026-04-08,Social,desktop,69,21,822.3002,264.7081,0.3043,11.9174,3.8363,8.0811,3.106
2026-04-08,Social,mobile,130,27,403.06899999999996,510.4279,0.2077,3.1005,3.9264,-0.8259,0.79
2026-04-08,Social,tablet,14,1,6.276,53.5042,0.0714,0.4483,3.8217,-3.3734,0.117
2026-04-09,Bing,desktop,118,36,471.1395,540.2642,0.3051,3.9927,4.5785,-0.5858,0.872
2026-04-09,Bing,mobile,206,71,1520.2956,1044.6877,0.3447,7.3801,5.0713,2.3088,1.455
2026-04-09,Bing,tablet,41,12,176.684,197.08429999999998,0.2927,4.3094,4.8069,-0.4975,0.896
2026-04-09,Google,desktop,335,147,3544.5523,2271.4481,0.4388,10.5808,6.7804,3.8004,1.56
2026-04-09,Google,mobile,560,236,4831.2974,3869.3386,0.4214,8.6273,6.9095,1.7178,1.249
2026-04-09,Google,tablet,101,40,628.6032,680.0034,0.396,6.2238,6.7327,-0.5089,0.924
2026-04-09,Organic,desktop,150,56,1077.555,177.5634,0.3733,7.1837,1.1838,5.9999,6.069
2026-04-09,Organic,mobile,242,94,3045.2106,307.6795,0.3884,12.5835,1.2714,11.3121,9.897
2026-04-09,Organic,tablet,30,11,517.7758,33.848,0.3667,17.2592,1.1283,16.1309,15.297
2026-04-09,Social,desktop,79,30,465.9155,324.8236,0.3797,5.8977,4.1117,1.786,1.434
2026-04-09,Social,mobile,127,48,1393.8481,519.4607,0.378,10.9752,4.0902,6.885,2.683
2026-04-09,Social,tablet,12,4,54.306400000000004,48.064,0.3333,4.5255,4.0053,0.5202,1.13
2026-04-10,Bing,desktop,115,48,1344.295,580.0232,0.4174,11.6895,5.0437,6.6458,2.318
2026-04-10,Bing,mobile,204,67,1638.7964,947.4146,0.3284,8.0333,4.6442,3.3891,1.73
2026-04-10,Bing,tablet,27,7,565.7257000000001,132.2452,0.2593,20.9528,4.898,16.0548,4.278
2026-04-10,Google,desktop,332,149,5780.1093,2060.8766,0.4488,17.41,6.2075,11.2025,2.805
2026-04-10,Google,mobile,554,248,6158.78,3614.0432,0.4477,11.1169,6.5235,4.5934,1.704
2026-04-10,Google,tablet,89,35,555.7622,599.6545,0.3933,6.2445,6.7377,-0.4932,0.927
2026-04-10,Organic,desktop,138,62,1873.8208,162.2257,0.4493,13.5784,1.1755,12.4029,11.551
2026-04-10,Organic,mobile,242,103,2582.5444,274.7943,0.4256,10.6717,1.1355,9.5362,9.398
2026-04-10,Organic,tablet,35,11,240.0334,38.9576,0.3143,6.8581,1.1131,5.745,6.161
2026-04-10,Social,desktop,69,21,428.8003,231.0966,0.3043,6.2145,3.3492,2.8653,1.856
2026-04-10,Social,mobile,118,28,502.0294,480.1413,0.2373,4.2545,4.069,0.1855,1.046
2026-04-10,Social,tablet,14,5,73.3666,77.9074,0.3571,5.2405,5.5648,-0.3243,0.942
2026-04-11,Bing,desktop,128,51,548.3757,256.9398,0.3984,4.2842,2.0073,2.2769,2.134
2026-04-11,Bing,mobile,217,80,1220.0195,579.3233,0.3687,5.6222,2.6697,2.9525,2.106
2026-04-11,Bing,tablet,22,6,51.5862,94.5512,0.2727,2.3448,4.2978,-1.953,0.546
2026-04-11,Google,desktop,294,145,1848.7217,810.4733,0.4932,6.2882,2.7567,3.5315,2.281
2026-04-11,Google,mobile,615,290,2683.3985,2093.4669,0.4715,4.3632,3.404,0.9592,1.282
2026-04-11,Google,tablet,68,28,204.4638,168.8966,0.4118,3.0068,2.4838,0.523,1.211
2026-04-11,Organic,desktop,144,56,547.9421,83.6064,0.3889,3.8052,0.5806,3.2246,6.554
2026-04-11,Organic,mobile,251,111,1347.9427,154.1751,0.4422,5.3703,0.6142,4.7561,8.743
2026-04-11,Organic,tablet,32,12,341.2982,15.268,0.375,10.6656,0.4771,10.1885,22.354
2026-04-11,Social,desktop,64,23,154.0216,122.7392,0.3594,2.4066,1.9178,0.4888,1.255
2026-04-11,Social,mobile,109,28,268.4397,223.504,0.2569,2.4627,2.0505,0.4122,1.201
2026-04-11,Social,tablet,14,6,106.2601,28.1543,0.4286,7.59,2.011,5.579,3.774
2026-04-12,Bing,desktop,143,52,463.7336,332.0299,0.3636,3.2429,2.3219,0.921,1.397
2026-04-12,Bing,mobile,199,66,647.5122,441.896,0.3317,3.2538,2.2206,1.0332,1.465
2026-04-12,Bing,tablet,25,12,132.89860000000002,56.706,0.48,5.3159,2.2682,3.0477,2.344
2026-04-12,Google,desktop,315,138,1380.2331,942.8428,0.4381,4.3817,2.9932,1.3885,1.464
2026-04-12,Google,mobile,566,261,2205.5832,1548.9134,0.4611,3.8968,2.7366,1.1602,1.424
2026-04-12,Google,tablet,75,32,289.5109,259.0713,0.4267,3.8601,3.4543,0.4058,1.117
2026-04-12,Organic,desktop,140,53,380.8347,58.3514,0.3786,2.7202,0.4168,2.3034,6.527
2026-04-12,Organic,mobile,256,100,823.7726,102.9961,0.3906,3.2179,0.4023,2.8156,7.998
2026-04-12,Organic,tablet,34,21,132.5475,11.8194,0.6176,3.8985,0.3476,3.5509,11.214
2026-04-12,Social,desktop,72,21,200.7051,117.4961,0.2917,2.7876,1.6319,1.1557,1.708
2026-04-12,Social,mobile,114,39,399.6232,211.26590000000002,0.3421,3.5055,1.8532,1.6523,1.892
2026-04-12,Social,tablet,17,4,27.9473,15.3913,0.2353,1.644,0.9054,0.7386,1.816
2026-04-13,Bing,desktop,126,43,1125.5525,588.4879999999999,0.3413,8.933,4.6705,4.2625,1.913
2026-04-13,Bing,mobile,223,88,2436.738,983.565,0.3946,10.9271,4.4106,6.5165,2.477
2026-04-13,Bing,tablet,32,10,196.1652,139.1514,0.3125,6.1302,4.3485,1.7817,1.41
2026-04-13,Google,desktop,341,154,3416.7608,2401.9107,0.4516,10.0198,7.0437,2.9761,1.423
2026-04-13,Google,mobile,588,259,4464.416,3897.788,0.4405,7.5925,6.6289,0.9636,1.145
2026-04-13,Google,tablet,70,34,673.8547,427.3963,0.4857,9.6265,6.1057,3.5208,1.577
2026-04-13,Organic,desktop,160,69,1304.7683,193.8328,0.4312,8.1548,1.2115,6.9433,6.731
2026-04-13,Organic,mobile,272,107,2894.0174,316.8547,0.3934,10.6398,1.1649,9.4749,9.134
2026-04-13,Organic,tablet,31,11,304.3943,27.9648,0.3548,9.8192,0.9021,8.9171,10.885
2026-04-13,Social,desktop,65,15,493.6936,221.2384,0.2308,7.5953,3.4037,4.1916,2.232
2026-04-13,Social,mobile,104,27,594.0744,408.8473,0.2596,5.7123,3.9312,1.7811,1.453
2026-04-13,Social,tablet,16,4,22.720599999999997,45.5159,0.25,1.42,2.8447,-1.4247,0.499
2026-04-14,Bing,desktop,128,51,1133.5048,588.6360999999999,0.3984,8.8555,4.5987,4.2568,1.926
2026-04-14,Bing,mobile,204,70,1591.6347,1075.3904,0.3431,7.8021,5.2715,2.5306,1.48
2026-04-14,Bing,tablet,29,9,212.9839,125.0959,0.3103,7.3443,4.3137,3.0306,1.703
2026-04-14,Google,desktop,344,152,4136.1818,2294.2317,0.4419,12.0238,6.6693,5.3545,1.803
2026-04-14,Google,mobile,552,224,7691.9407,3632.6806,0.4058,13.9347,6.5809,7.3538,2.117
2026-04-14,Google,tablet,79,41,861.2483,503.4406,0.519,10.9019,6.3727,4.5292,1.711
2026-04-14,Organic,desktop,146,62,2740.5944,182.7857,0.4247,18.7712,1.252,17.5192,14.993
2026-04-14,Organic,mobile,249,85,1334.0686,266.8868,0.3414,5.3577,1.0718,4.2859,4.999
2026-04-14,Organic,tablet,24,13,151.5475,20.7775,0.5417,6.3145,0.8657,5.4488,7.294
2026-04-14,Social,desktop,50,23,613.4606,183.2796,0.46,12.2692,3.6656,8.6036,3.347
2026-04-14,Social,mobile,119,40,782.2565999999999,404.2172,0.3361,6.5736,3.3968,3.1768,1.935
2026-04-14,Social,tablet,19,6,68.08539999999999,68.7313,0.3158,3.5834,3.6174,-0.034,0.991
2026-04-15,Bing,desktop,115,49,1305.8854,545.6109,0.4261,11.3555,4.7444,6.6111,2.393
2026-04-15,Bing,mobile,199,91,1459.5375,987.9773,0.4573,7.3344,4.9647,2.3697,1.477
2026-04-15,Bing,tablet,24,6,97.7917,124.46,0.25,4.0747,5.1858,-1.1111,0.786
2026-04-15,Google,desktop,330,133,3243.0595,2033.4309,0.403,9.8275,6.1619,3.6656,1.595
2026-04-15,Google,mobile,578,260,5859.1428,3959.0962,0.4498,10.1369,6.8496,3.2873,1.48
2026-04-15,Google,tablet,80,44,1284.4564,542.1606,0.55,16.0557,6.777,9.2787,2.369
2026-04-15,Organic,desktop,149,62,1338.8926000000001,170.2913,0.4161,8.9859,1.1429,7.843,7.862
2026-04-15,Organic,mobile,264,110,1615.3929,245.3389,0.4167,6.1189,0.9293,5.1896,6.584
2026-04-15,Organic,tablet,30,15,298.8066,21.1743,0.5,9.9602,0.7058,9.2544,14.112
2026-04-15,Social,desktop,69,20,528.9807,282.6462,0.2899,7.6664,4.0963,3.5701,1.872
2026-04-15,Social,mobile,111,34,1371.1023,522.8004999999999,0.3063,12.3523,4.7099,7.6424,2.623
2026-04-15,Social,tablet,22,6,53.9307,75.0566,0.2727,2.4514,3.4117,-0.9603,0.719
2026-04-16,Bing,desktop,118,48,1193.2427,593.7424,0.4068,10.1122,5.0317,5.0805,2.01
2026-04-16,Bing,mobile,211,68,1440.5358,995.0491,0.3223,6.8272,4.7159,2.1113,1.448
2026-04-16,Bing,tablet,27,9,127.2059,98.198,0.3333,4.7113,3.637,1.0743,1.295
2026-04-16,Google,desktop,367,151,3588.8044,2165.223,0.4114,9.7788,5.8998,3.879,1.657
2026-04-16,Google,mobile,539,226,4854.6496,3036.9795,0.4193,9.0068,5.6345,3.3723,1.599
2026-04-16,Google,tablet,110,57,1123.3735000000001,643.6173,0.5182,10.2125,5.8511,4.3614,1.745
2026-04-16,Organic,desktop,131,63,1602.1143,142.0628,0.4809,12.2299,1.0844,11.1455,11.278
2026-04-16,Organic,mobile,241,99,1496.2053,248.5867,0.4108,6.2083,1.0315,5.1768,6.019
2026-04-16,Organic,tablet,36,12,262.2,30.7306,0.3333,7.2833,0.8536,6.4297,8.532
2026-04-16,Social,desktop,71,25,366.24559999999997,255.7205,0.3521,5.1584,3.6017,1.5567,1.432
2026-04-16,Social,mobile,122,35,837.4173000000001,491.5785,0.2869,6.8641,4.0293,2.8348,1.704
2026-04-16,Social,tablet,15,3,117.64460000000001,63.184400000000004,0.2,7.843,4.2123,3.6307,1.862
2026-04-17,Bing,desktop,106,35,673.7299,645.169,0.3302,6.3559,6.0865,0.2694,1.044
2026-04-17,Bing,mobile,218,63,1201.4122,998.0441,0.289,5.5111,4.5782,0.9329,1.204
2026-04-17,Bing,tablet,24,9,218.5294,134.1881,0.375,9.1054,5.5912,3.5142,1.629
2026-04-17,Google,desktop,334,154,4092.1861,2325.7007,0.4611,12.2521,6.9632,5.2889,1.76
2026-04-17,Google,mobile,597,255,5128.1913,3984.5741,0.4271,8.5899,6.6743,1.9156,1.287
2026-04-17,Google,tablet,87,33,564.5157,605.4098,0.3793,6.4887,6.9587,-0.47,0.932
2026-04-17,Organic,desktop,145,63,1726.8195,164.3337,0.4345,11.9091,1.1333,10.7758,10.508
2026-04-17,Organic,mobile,247,102,2539.1507,314.3438,0.413,10.28,1.2726,9.0074,8.078
2026-04-17,Organic,tablet,47,18,881.2603,46.7063,0.383,18.7502,0.9938,17.7564,18.868
2026-04-17,Social,desktop,73,21,360.1441,329.1871,0.2877,4.9335,4.5094,0.4241,1.094
2026-04-17,Social,mobile,131,42,730.1433,486.5282,0.3206,5.5736,3.714,1.8596,1.501
2026-04-17,Social,tablet,14,6,489.747,34.9481,0.4286,34.9819,2.4963,32.4856,14.014
2026-04-18,Bing,desktop,124,40,300.59680000000003,286.5167,0.3226,2.4242,2.3106,0.1136,1.049
2026-04-18,Bing,mobile,214,83,863.5514000000001,491.6294,0.3879,4.0353,2.2973,1.738,1.757
2026-04-18,Bing,tablet,25,7,36.8093,55.0694,0.28,1.4724,2.2028,-0.7304,0.668
2026-04-18,Google,desktop,346,166,1863.9217,1000.0259,0.4798,5.3871,2.8902,2.4969,1.864
2026-04-18,Google,mobile,584,261,3262.1817,2000.0918,0.4469,5.5859,3.4248,2.1611,1.631
2026-04-18,Google,tablet,75,36,349.4046,263.68510000000003,0.48,4.6587,3.5158,1.1429,1.325
2026-04-18,Organic,desktop,154,56,505.988,74.3921,0.3636,3.2856,0.4831,2.8025,6.802
2026-04-18,Organic,mobile,246,101,1174.6756,128.2375,0.4106,4.7751,0.5213,4.2538,9.16
2026-04-18,Organic,tablet,28,14,61.882799999999996,9.901200000000001,0.5,2.2101,0.3536,1.8565,6.25
2026-04-18,Social,desktop,76,23,161.2159,103.0335,0.3026,2.1213,1.3557,0.7656,1.565
2026-04-18,Social,mobile,106,33,280.5532,214.4081,0.3113,2.6467,2.0227,0.624,1.309
2026-04-18,Social,tablet,22,5,38.273799999999994,30.436,0.2273,1.7397,1.3835,0.3562,1.258
2026-04-19,Bing,desktop,116,34,263.3088,270.6884,0.2931,2.2699,2.3335,-0.0636,0.973
2026-04-19,Bing,mobile,217,73,756.5606,501.7193,0.3364,3.4865,2.3121,1.1744,1.508
2026-04-19,Bing,tablet,19,5,46.703199999999995,33.3216,0.2632,2.4581,1.7538,0.7043,1.402
2026-04-19,Google,desktop,342,153,2131.9491,1156.4422,0.4474,6.2338,3.3814,2.8524,1.844
2026-04-19,Google,mobile,546,241,3118.3372,1822.423,0.4414,5.7112,3.3378,2.3734,1.711
2026-04-19,Google,tablet,80,35,540.1184999999999,271.5674,0.4375,6.7515,3.3946,3.3569,1.989
2026-04-19,Organic,desktop,141,54,821.8554,74.3979,0.383,5.8288,0.5276,5.3012,11.047
2026-04-19,Organic,mobile,275,115,1359.6619,134.9843,0.4182,4.9442,0.4909,4.4533,10.073
2026-04-19,Organic,tablet,43,17,111.5403,26.5724,0.3953,2.594,0.618,1.976,4.198
2026-04-19,Social,desktop,76,20,132.8107,148.386,0.2632,1.7475,1.9524,-0.2049,0.895
2026-04-19,Social,mobile,100,34,646.7802,181.07920000000001,0.34,6.4678,1.8108,4.657,3.572
2026-04-19,Social,tablet,15,4,75.6912,39.734300000000005,0.2667,5.0461,2.649,2.3971,1.905
2026-04-20,Bing,desktop,136,52,1470.1174,581.3852,0.3824,10.8097,4.2749,6.5348,2.529
2026-04-20,Bing,mobile,213,76,1845.3309,1161.466,0.3568,8.6635,5.4529,3.2106,1.589
2026-04-20,Bing,tablet,29,16,270.2187,143.5817,0.5517,9.3179,4.9511,4.3668,1.882
2026-04-20,Google,desktop,326,134,2742.7082,2170.5936,0.411,8.4132,6.6583,1.7549,1.264
2026-04-20,Google,mobile,560,261,5274.8279,3845.7472,0.4661,9.4193,6.8674,2.5519,1.372
2026-04-20,Google,tablet,87,36,783.9707999999999,666.5139,0.4138,9.0112,7.6611,1.3501,1.176
2026-04-20,Organic,desktop,139,60,1515.3632,142.7562,0.4317,10.9019,1.027,9.8749,10.615
2026-04-20,Organic,mobile,253,94,1706.7906,273.1339,0.3715,6.7462,1.0796,5.6666,6.249
2026-04-20,Organic,tablet,30,10,124.0961,32.0344,0.3333,4.1365,1.0678,3.0687,3.874
2026-04-20,Social,desktop,62,22,638.4328,306.6761,0.3548,10.2973,4.9464,5.3509,2.082
2026-04-20,Social,mobile,114,36,395.1361,364.3548,0.3158,3.4661,3.1961,0.27,1.084
2026-04-20,Social,tablet,20,8,80.6279,56.7873,0.4,4.0314,2.8394,1.192,1.42
2026-04-21,Bing,desktop,133,47,748.8888999999999,713.5029,0.3534,5.6307,5.3647,0.266,1.05
2026-04-21,Bing,mobile,207,80,1688.3344,1127.8447,0.3865,8.1562,5.4485,2.7077,1.497
2026-04-21,Bing,tablet,32,9,211.94019999999998,165.5199,0.2812,6.6231,5.1725,1.4506,1.28
2026-04-21,Google,desktop,320,139,4310.6357,2211.1864,0.4344,13.4707,6.91,6.5607,1.949
2026-04-21,Google,mobile,562,259,6194.5176,4127.3325,0.4609,11.0223,7.344,3.6783,1.501
2026-04-21,Google,tablet,101,46,1372.5073,705.6503,0.4554,13.5892,6.9866,6.6026,1.945
2026-04-21,Organic,desktop,139,57,2351.84,172.5073,0.4101,16.9197,1.2411,15.6786,13.633
2026-04-21,Organic,mobile,246,93,1765.2341,234.8541,0.378,7.1757,0.9547,6.221,7.516
2026-04-21,Organic,tablet,36,14,174.0689,40.8838,0.3889,4.8352,1.1357,3.6995,4.258
2026-04-21,Social,desktop,83,28,598.8316,297.8376,0.3373,7.2148,3.5884,3.6264,2.011
2026-04-21,Social,mobile,121,36,738.0749,517.2053999999999,0.2975,6.0998,4.2744,1.8254,1.427
2026-04-21,Social,tablet,13,5,100.9843,89.0166,0.3846,7.768,6.8474,0.9206,1.134
2026-04-22,Bing,desktop,112,40,705.3837,553.2367,0.3571,6.2981,4.9396,1.3585,1.275
2026-04-22,Bing,mobile,194,59,1302.2149,929.8655,0.3041,6.7124,4.7931,1.9193,1.4
2026-04-22,Bing,tablet,26,6,159.9898,130.7956,0.2308,6.1535,5.0306,1.1229,1.223
2026-04-22,Google,desktop,339,149,3334.8946,2184.4096,0.4395,9.8374,6.4437,3.3937,1.527
2026-04-22,Google,mobile,531,230,5843.9648,3471.299,0.4331,11.0056,6.5373,4.4683,1.684
2026-04-22,Google,tablet,85,41,672.2982,534.1427,0.4824,7.9094,6.284,1.6254,1.259
2026-04-22,Organic,desktop,129,57,1726.0025,154.4329,0.4419,13.3799,1.1972,12.1827,11.176
2026-04-22,Organic,mobile,231,101,1762.2793,240.3276,0.4372,7.6289,1.0404,6.5885,7.333
2026-04-22,Organic,tablet,38,15,190.1575,39.4948,0.3947,5.0041,1.0393,3.9648,4.815
2026-04-22,Social,desktop,62,20,241.71710000000002,207.4906,0.3226,3.8987,3.3466,0.5521,1.165
2026-04-22,Social,mobile,111,38,627.097,418.43,0.3423,5.6495,3.7696,1.8799,1.499
2026-04-22,Social,tablet,17,3,85.56099999999999,64.1079,0.1765,5.033,3.7711,1.2619,1.335
2026-04-23,Bing,desktop,91,37,1315.2657,379.9236,0.4066,14.4535,4.175,10.2785,3.462
2026-04-23,Bing,mobile,198,62,852.0314999999999,910.1078,0.3131,4.3032,4.5965,-0.2933,0.936
2026-04-23,Bing,tablet,22,12,276.0949,124.0886,0.5455,12.5498,5.6404,6.9094,2.225
2026-04-23,Google,desktop,333,165,3289.9014,2074.8729,0.4955,9.8796,6.2308,3.6488,1.586
2026-04-23,Google,mobile,551,226,5415.2294,3714.0722,0.4102,9.828,6.7406,3.0874,1.458
2026-04-23,Google,tablet,78,32,1040.1428,489.2671,0.4103,13.3352,6.2727,7.0625,2.126
2026-04-23,Organic,desktop,155,63,1057.8016,144.3671,0.4065,6.8245,0.9314,5.8931,7.327
2026-04-23,Organic,mobile,249,100,1615.7497,255.4269,0.4016,6.489,1.0258,5.4632,6.326
2026-04-23,Organic,tablet,26,10,173.25549999999998,42.2236,0.3846,6.6637,1.624,5.0397,4.103
2026-04-23,Social,desktop,71,18,366.5622,237.75979999999998,0.2535,5.1628,3.3487,1.8141,1.542
2026-04-23,Social,mobile,118,30,511.2854,448.1463,0.2542,4.3329,3.7978,0.5351,1.141
2026-04-23,Social,tablet,10,4,22.5918,63.5372,0.4,2.2592,6.3537,-4.0945,0.356
2026-04-24,Bing,desktop,108,30,651.7658,505.4574,0.2778,6.0349,4.6802,1.3547,1.289
2026-04-24,Bing,mobile,211,63,1386.1619,988.5069,0.2986,6.5695,4.6849,1.8846,1.402
2026-04-24,Bing,tablet,34,10,170.4488,138.6484,0.2941,5.0132,4.0779,0.9353,1.229
2026-04-24,Google,desktop,333,159,2988.5865,2053.2027,0.4775,8.9747,6.1658,2.8089,1.456
2026-04-24,Google,mobile,578,272,5778.4845,3590.205,0.4706,9.9974,6.2114,3.786,1.61
2026-04-24,Google,tablet,73,23,606.7171999999999,388.7565,0.3151,8.3112,5.3254,2.9858,1.561
2026-04-24,Organic,desktop,152,63,1185.4895,189.0677,0.4145,7.7993,1.2439,6.5554,6.27
2026-04-24,Organic,mobile,256,114,2836.3463,292.0145,0.4453,11.0795,1.1407,9.9388,9.713
2026-04-24,Organic,tablet,40,16,248.364,44.730399999999996,0.4,6.2091,1.1183,5.0908,5.552
2026-04-24,Social,desktop,63,19,328.4187,269.1099,0.3016,5.213,4.2716,0.9414,1.22
2026-04-24,Social,mobile,125,36,700.6226,574.0699,0.288,5.605,4.5926,1.0124,1.22
2026-04-24,Social,tablet,16,1,68.6114,49.9743,0.0625,4.2882,3.1234,1.1648,1.373
2026-04-25,Bing,desktop,121,49,571.2881,325.6257,0.405,4.7214,2.6911,2.0303,1.754
2026-04-25,Bing,mobile,223,63,664.5426,517.4527,0.2825,2.98,2.3204,0.6596,1.284
2026-04-25,Bing,tablet,19,6,34.2043,43.4503,0.3158,1.8002,2.2869,-0.4867,0.787
2026-04-25,Google,desktop,355,155,1497.8134,1124.1964,0.4366,4.2192,3.1668,1.0524,1.332
2026-04-25,Google,mobile,596,265,2932.6686,1928.0195,0.4446,4.9206,3.2349,1.6857,1.521
2026-04-25,Google,tablet,84,48,991.3331000000001,284.2424,0.5714,11.8016,3.3838,8.4178,3.488
2026-04-25,Organic,desktop,147,62,629.3646,66.6084,0.4218,4.2814,0.4531,3.8283,9.449
2026-04-25,Organic,mobile,268,107,963.8103,144.4856,0.3993,3.5963,0.5391,3.0572,6.671
2026-04-25,Organic,tablet,32,17,59.4199,18.9258,0.5312,1.8569,0.5914,1.2655,3.14
2026-04-25,Social,desktop,62,16,165.0131,105.58539999999999,0.2581,2.6615,1.703,0.9585,1.563
2026-04-25,Social,mobile,122,37,359.2024,293.9414,0.3033,2.9443,2.4094,0.5349,1.222
2026-04-25,Social,tablet,10,2,13.8832,11.114,0.2,1.3883,1.1114,0.2769,1.249
2026-04-26,Bing,desktop,126,39,364.4554,311.9137,0.3095,2.8925,2.4755,0.417,1.168
2026-04-26,Bing,mobile,202,71,534.5642,420.8366,0.3515,2.6464,2.0833,0.5631,1.27
2026-04-26,Bing,tablet,32,12,311.9457,120.72879999999999,0.375,9.7483,3.7728,5.9755,2.584
2026-04-26,Google,desktop,346,147,1816.1297,1129.5156,0.4249,5.2489,3.2645,1.9844,1.608
2026-04-26,Google,mobile,584,261,2328.8219,1777.4855,0.4469,3.9877,3.0436,0.9441,1.31
2026-04-26,Google,tablet,78,37,348.27320000000003,237.1589,0.4744,4.465,3.0405,1.4245,1.469
2026-04-26,Organic,desktop,151,61,350.4282,65.1893,0.404,2.3207,0.4317,1.889,5.376
2026-04-26,Organic,mobile,250,108,895.4431,128.7804,0.432,3.5818,0.5151,3.0667,6.953
2026-04-26,Organic,tablet,27,10,37.5707,16.0265,0.3704,1.3915,0.5936,0.7979,2.344
2026-04-26,Social,desktop,64,19,153.7613,118.874,0.2969,2.4025,1.8574,0.5451,1.293
2026-04-26,Social,mobile,119,41,364.8682,197.479,0.3445,3.0661,1.6595,1.4066,1.848
2026-04-26,Social,tablet,18,4,61.312,26.7455,0.2222,3.4062,1.4859,1.9203,2.292
2026-04-27,Bing,desktop,130,40,935.1815,573.3177,0.3077,7.1937,4.4101,2.7836,1.631
2026-04-27,Bing,mobile,203,73,1836.26,1027.5495,0.3596,9.0456,5.0618,3.9838,1.787
2026-04-27,Bing,tablet,31,9,235.97119999999998,161.7328,0.2903,7.612,5.2172,2.3948,1.459
2026-04-27,Google,desktop,300,124,3404.4748,1941.546,0.4133,11.3482,6.4718,4.8764,1.753
2026-04-27,Google,mobile,617,289,6162.5784,4135.2229,0.4684,9.988,6.7021,3.2859,1.49
2026-04-27,Google,tablet,72,29,390.9581,445.0898,0.4028,5.43,6.1818,-0.7518,0.878
2026-04-27,Organic,desktop,166,78,1532.5932,166.3334,0.4699,9.2325,1.002,8.2305,9.214
2026-04-27,Organic,mobile,257,106,2446.1003,280.9489,0.4125,9.5179,1.0932,8.4247,8.707
2026-04-27,Organic,tablet,31,9,581.7219,25.4884,0.2903,18.7652,0.8222,17.943,22.823
2026-04-27,Social,desktop,53,16,613.1012000000001,250.8639,0.3019,11.5679,4.7333,6.8346,2.444
2026-04-27,Social,mobile,97,28,890.8297,363.9045,0.2887,9.1838,3.7516,5.4322,2.448
2026-04-27,Social,tablet,16,4,116.19479999999999,66.77499999999999,0.25,7.2622,4.1734,3.0888,1.74
2026-04-28,Bing,desktop,115,40,1746.2442,567.2663,0.3478,15.1847,4.9328,10.2519,3.078
2026-04-28,Bing,mobile,207,71,948.9037,940.0964,0.343,4.5841,4.5415,0.0426,1.009
2026-04-28,Bing,tablet,36,13,281.8721,168.4428,0.3611,7.8298,4.679,3.1508,1.673
2026-04-28,Google,desktop,329,145,3773.0351,2183.2579,0.4407,11.4682,6.636,4.8322,1.728
2026-04-28,Google,mobile,572,236,4701.8097,3858.9013,0.4126,8.2199,6.7463,1.4736,1.218
2026-04-28,Google,tablet,80,31,672.5783,523.3699,0.3875,8.4072,6.5421,1.8651,1.285
2026-04-28,Organic,desktop,160,60,1943.3172,176.7598,0.375,12.1457,1.1047,11.041,10.994
2026-04-28,Organic,mobile,259,105,2120.4186,286.7647,0.4054,8.1869,1.1072,7.0797,7.394
2026-04-28,Organic,tablet,40,15,351.7561,45.1114,0.375,8.7939,1.1278,7.6661,7.797
2026-04-28,Social,desktop,71,28,578.1225,254.0008,0.3944,8.1426,3.5775,4.5651,2.276
2026-04-28,Social,mobile,135,31,1142.281,481.0379,0.2296,8.4613,3.5632,4.8981,2.375
2026-04-28,Social,tablet,16,6,57.3214,40.661,0.375,3.5826,2.5413,1.0413,1.41
2026-04-29,Bing,desktop,119,40,870.7139999999999,583.1718,0.3361,7.3169,4.9006,2.4163,1.493
2026-04-29,Bing,mobile,241,77,7935.4076000000005,1133.9979,0.3195,32.927,4.7054,28.2216,6.998
2026-04-29,Bing,tablet,18,7,207.06119999999999,82.13199999999999,0.3889,11.5034,4.5629,6.9405,2.521
2026-04-29,Google,desktop,350,155,4134.1558,2475.8804,0.4429,11.8119,7.0739,4.738,1.67
2026-04-29,Google,mobile,592,240,5249.4955,4200.1304,0.4054,8.8674,7.0948,1.7726,1.25
2026-04-29,Google,tablet,87,36,483.68330000000003,609.6962,0.4138,5.5596,7.008,-1.4484,0.793
2026-04-29,Organic,desktop,135,52,1269.1555,148.6172,0.3852,9.4012,1.1009,8.3003,8.54
2026-04-29,Organic,mobile,269,110,2102.9143,328.7463,0.4089,7.8175,1.2221,6.5954,6.397
2026-04-29,Organic,tablet,29,14,356.7296,34.8874,0.4828,12.301,1.203,11.098,10.225
2026-04-29,Social,desktop,80,24,1227.8267999999998,260.1761,0.3,15.3478,3.2522,12.0956,4.719
2026-04-29,Social,mobile,117,36,559.6608,375.2116,0.3077,4.7834,3.2069,1.5765,1.492
2026-04-29,Social,tablet,11,4,27.393900000000002,24.9989,0.3636,2.4904,2.2726,0.2178,1.096
2026-04-30,Bing,desktop,120,39,898.992,526.5481,0.325,7.4916,4.3879,3.1037,1.707
2026-04-30,Bing,mobile,192,72,1656.6836,883.8385,0.375,8.6286,4.6033,4.0253,1.874
2026-04-30,Bing,tablet,15,4,82.53370000000001,94.6559,0.2667,5.5022,6.3104,-0.8082,0.872
2026-04-30,Google,desktop,355,163,3371.4148,2388.6564,0.4592,9.4969,6.7286,2.7683,1.411
2026-04-30,Google,mobile,601,273,5096.5022,3898.743,0.4542,8.48,6.4871,1.9929,1.307
2026-04-30,Google,tablet,88,38,911.7203,520.8274,0.4318,10.3605,5.9185,4.442,1.751
2026-04-30,Organic,desktop,151,57,1460.2997,184.8999,0.3775,9.6709,1.2245,8.4464,7.898
2026-04-30,Organic,mobile,265,111,2047.5582,281.9961,0.4189,7.7266,1.0641,6.6625,7.261
2026-04-30,Organic,tablet,48,25,257.7741,40.5867,0.5208,5.3703,0.8456,4.5247,6.351
2026-04-30,Social,desktop,74,24,434.881,262.8535,0.3243,5.8768,3.5521,2.3247,1.654
2026-04-30,Social,mobile,97,29,414.888,281.2585,0.299,4.2772,2.8996,1.3776,1.475
2026-04-30,Social,tablet,13,3,65.8325,43.0205,0.2308,5.064,3.3093,1.7547,1.53
2026-05-01,Bing,desktop,127,33,296.13530000000003,473.7653,0.2598,2.3318,3.7304,-1.3986,0.625
2026-05-01,Bing,mobile,207,72,1447.2183,1037.6765,0.3478,6.9914,5.0129,1.9785,1.395
2026-05-01,Bing,tablet,30,12,292.6954,171.5023,0.4,9.7565,5.7167,4.0398,1.707
2026-05-01,Google,desktop,324,146,4387.8331,2169.9735,0.4506,13.5427,6.6974,6.8453,2.022
2026-05-01,Google,mobile,610,254,5025.1882000000005,3908.3847,0.4164,8.238,6.4072,1.8308,1.286
2026-05-01,Google,tablet,76,34,639.0957999999999,477.1566,0.4474,8.4092,6.2784,2.1308,1.339
2026-05-01,Organic,desktop,150,59,1462.8847,176.3286,0.3933,9.7526,1.1755,8.5771,8.296
2026-05-01,Organic,mobile,270,107,2641.2836,312.3003,0.3963,9.7825,1.1567,8.6258,8.458
2026-05-01,Organic,tablet,35,19,227.6754,36.8146,0.5429,6.505,1.0518,5.4532,6.184
2026-05-01,Social,desktop,68,17,414.4915,251.8981,0.25,6.0955,3.7044,2.3911,1.645
2026-05-01,Social,mobile,126,35,962.4039,503.593,0.2778,7.6381,3.9968,3.6413,1.911
2026-05-01,Social,tablet,12,4,182.0594,72.8602,0.3333,15.1716,6.0717,9.0999,2.499
2026-05-02,Bing,desktop,113,34,518.0364999999999,304.6313,0.3009,4.5844,2.6959,1.8885,1.701
2026-05-02,Bing,mobile,208,73,1043.6829,547.26,0.351,5.0177,2.6311,2.3866,1.907
2026-05-02,Bing,tablet,26,6,66.5192,80.0947,0.2308,2.5584,3.0806,-0.5222,0.831
2026-05-02,Google,desktop,317,145,1196.7122,939.8443,0.4574,3.7751,2.9648,0.8103,1.273
2026-05-02,Google,mobile,566,252,2824.8949,1829.4714,0.4452,4.991,3.2323,1.7587,1.544
2026-05-02,Google,tablet,79,34,204.87890000000002,199.5471,0.4304,2.5934,2.5259,0.0675,1.027
2026-05-02,Organic,desktop,148,61,760.6316,74.8882,0.4122,5.1394,0.506,4.6334,10.157
2026-05-02,Organic,mobile,284,110,1125.3324,153.3383,0.3873,3.9624,0.5399,3.4225,7.339
2026-05-02,Organic,tablet,32,15,86.7116,12.874500000000001,0.4688,2.7097,0.4023,2.3074,6.735
2026-05-02,Social,desktop,74,21,101.3905,128.4641,0.2838,1.3701,1.736,-0.3659,0.789
2026-05-02,Social,mobile,107,34,202.4546,188.7505,0.3178,1.8921,1.764,0.1281,1.073
2026-05-02,Social,tablet,22,7,38.4396,34.106,0.3182,1.7473,1.5503,0.197,1.127
2026-05-03,Bing,desktop,116,49,320.6912,210.4946,0.4224,2.7646,1.8146,0.95,1.524
2026-05-03,Bing,mobile,212,79,847.1096,492.0965,0.3726,3.9958,2.3212,1.6746,1.721
2026-05-03,Bing,tablet,20,7,63.223600000000005,41.2487,0.35,3.1612,2.0624,1.0988,1.533
2026-05-03,Google,desktop,330,146,1286.3515,928.4269,0.4424,3.898,2.8134,1.0846,1.386
2026-05-03,Google,mobile,589,256,2159.2562,1805.814,0.4346,3.666,3.0659,0.6001,1.196
2026-05-03,Google,tablet,87,37,285.2915,228.1169,0.4253,3.2792,2.622,0.6572,1.251
2026-05-03,Organic,desktop,151,65,683.7723,73.4511,0.4305,4.5283,0.4864,4.0419,9.309
2026-05-03,Organic,mobile,242,116,995.9273000000001,117.8321,0.4793,4.1154,0.4869,3.6285,8.452
2026-05-03,Organic,tablet,35,14,157.4409,14.875,0.4,4.4983,0.425,4.0733,10.584
2026-05-03,Social,desktop,50,14,210.8814,81.4882,0.28,4.2176,1.6298,2.5878,2.588
2026-05-03,Social,mobile,108,29,245.2654,203.0442,0.2685,2.271,1.88,0.391,1.208
2026-05-03,Social,tablet,26,7,71.7638,48.7515,0.2692,2.7601,1.8751,0.885,1.472
2026-05-04,Bing,desktop,128,48,2197.8523,664.6707,0.375,17.1707,5.1927,11.978,3.307
2026-05-04,Bing,mobile,179,58,1129.7653,854.8087,0.324,6.3115,4.7755,1.536,1.322
2026-05-04,Bing,tablet,30,13,462.3041,118.2997,0.4333,15.4101,3.9433,11.4668,3.908
2026-05-04,Google,desktop,361,161,3614.076,2337.5039,0.446,10.0113,6.4751,3.5362,1.546
2026-05-04,Google,mobile,603,258,5778.3975,4013.8007,0.4279,9.5827,6.6564,2.9263,1.44
2026-05-04,Google,tablet,77,34,975.9153,639.4675,0.4416,12.6742,8.3048,4.3694,1.526
2026-05-04,Organic,desktop,155,74,1599.8939,179.3916,0.4774,10.3219,1.1574,9.1645,8.918
2026-05-04,Organic,mobile,251,111,2096.9029,270.2452,0.4422,8.3542,1.0767,7.2775,7.759
2026-05-04,Organic,tablet,37,22,506.7075,34.5584,0.5946,13.6948,0.934,12.7608,14.662
2026-05-04,Social,desktop,71,17,389.8888,300.9066,0.2394,5.4914,4.2381,1.2533,1.296
2026-05-04,Social,mobile,116,33,523.8351,416.5986,0.2845,4.5158,3.5914,0.9244,1.257
2026-05-04,Social,tablet,18,5,59.3099,82.6549,0.2778,3.295,4.5919,-1.2969,0.718
2026-05-05,Bing,desktop,143,58,1466.5109,682.23,0.4056,10.2553,4.7708,5.4845,2.15
2026-05-05,Bing,mobile,226,74,1430.4526,1075.9574,0.3274,6.3294,4.7609,1.5685,1.329
2026-05-05,Bing,tablet,31,13,114.6331,142.5392,0.4194,3.6978,4.598,-0.9002,0.804
2026-05-05,Google,desktop,342,149,3222.4215,2101.3435,0.4357,9.4223,6.1443,3.278,1.534
2026-05-05,Google,mobile,543,236,4861.8475,3655.6935,0.4346,8.9537,6.7324,2.2213,1.33
2026-05-05,Google,tablet,82,29,535.4014,427.6839,0.3537,6.5293,5.2157,1.3136,1.252
2026-05-05,Organic,desktop,135,63,1336.1065,147.4199,0.4667,9.8971,1.092,8.8051,9.063
2026-05-05,Organic,mobile,250,103,2699.4167,284.8684,0.412,10.7977,1.1395,9.6582,9.476
2026-05-05,Organic,tablet,42,22,967.2125,36.4949,0.5238,23.0289,0.8689,22.16,26.503
2026-05-05,Social,desktop,71,18,310.8972,262.3478,0.2535,4.3788,3.695,0.6838,1.185
2026-05-05,Social,mobile,120,33,616.7614,464.5137,0.275,5.1397,3.8709,1.2688,1.328
2026-05-05,Social,tablet,17,4,100.2931,82.7283,0.2353,5.8996,4.8664,1.0332,1.212
2026-05-06,Bing,desktop,122,43,912.6849,593.1777,0.3525,7.481,4.8621,2.6189,1.539
2026-05-06,Bing,mobile,212,77,1965.2736,1207.145,0.3632,9.2702,5.6941,3.5761,1.628
2026-05-06,Bing,tablet,32,12,234.289,214.98839999999998,0.375,7.3215,6.7184,0.6031,1.09
2026-05-06,Google,desktop,327,143,3447.4043,2370.8395,0.4373,10.5425,7.2503,3.2922,1.454
2026-05-06,Google,mobile,569,248,5354.9581,3770.5201,0.4359,9.4112,6.6266,2.7846,1.42
2026-05-06,Google,tablet,71,31,610.239,467.6301,0.4366,8.5949,6.5863,2.0086,1.305
2026-05-06,Organic,desktop,152,82,1742.2875999999999,162.9254,0.5395,11.4624,1.0719,10.3905,10.694
2026-05-06,Organic,mobile,275,111,2685.2927,342.1346,0.4036,9.7647,1.2441,8.5206,7.849
2026-05-06,Organic,tablet,39,21,494.4421,40.416,0.5385,12.678,1.0363,11.6417,12.234
2026-05-06,Social,desktop,65,26,620.085,276.8626,0.4,9.5398,4.2594,5.2804,2.24
2026-05-06,Social,mobile,125,35,566.9095,471.6156,0.28,4.5353,3.7729,0.7624,1.202
2026-05-06,Social,tablet,17,4,34.2263,55.1877,0.2353,2.0133,3.2463,-1.233,0.62
2026-05-07,Bing,desktop,121,41,2948.0523,579.1861,0.3388,24.3641,4.7867,19.5774,5.09
2026-05-07,Bing,mobile,217,76,1564.8222,976.6149,0.3502,7.2112,4.5005,2.7107,1.602
2026-05-07,Bing,tablet,28,10,355.3793,176.6923,0.3571,12.6921,6.3104,6.3817,2.011
2026-05-07,Google,desktop,340,164,3917.4222,1973.2546,0.4824,11.5218,5.8037,5.7181,1.985
2026-05-07,Google,mobile,588,266,5733.9841,3632.03,0.4524,9.7517,6.1769,3.5748,1.579
2026-05-07,Google,tablet,70,33,575.6667,436.6482,0.4714,8.2238,6.2378,1.986,1.318
2026-05-07,Organic,desktop,150,65,1902.9876,164.5717,0.4333,12.6866,1.0971,11.5895,11.563
2026-05-07,Organic,mobile,260,105,1727.1606,246.65879999999999,0.4038,6.6429,0.9487,5.6942,7.002
2026-05-07,Organic,tablet,29,12,261.1949,29.8617,0.4138,9.0067,1.0297,7.977,8.747
2026-05-07,Social,desktop,64,20,267.8341,231.0882,0.3125,4.1849,3.6108,0.5741,1.159
2026-05-07,Social,mobile,121,46,1389.6713,526.5555,0.3802,11.4849,4.3517,7.1332,2.639
2026-05-07,Social,tablet,10,2,4.2731,67.75880000000001,0.2,0.4273,6.7759,-6.3486,0.063
2026-05-08,Bing,desktop,102,31,466.0743,477.445,0.3039,4.5694,4.6808,-0.1114,0.976
2026-05-08,Bing,mobile,211,79,992.4884999999999,1016.3432,0.3744,4.7037,4.8168,-0.1131,0.977
2026-05-08,Bing,tablet,29,8,144.3776,142.5098,0.2759,4.9785,4.9141,0.0644,1.013
2026-05-08,Google,desktop,349,146,5001.259,2214.8019,0.4183,14.3303,6.3461,7.9842,2.258
2026-05-08,Google,mobile,574,244,4320.9312,3757.0755,0.4251,7.5278,6.5454,0.9824,1.15
2026-05-08,Google,tablet,90,50,1063.7099,592.9046,0.5556,11.819,6.5878,5.2312,1.794
2026-05-08,Organic,desktop,148,62,895.0028,130.8925,0.4189,6.0473,0.8844,5.1629,6.838
2026-05-08,Organic,mobile,257,95,2057.2224,293.7871,0.3696,8.0048,1.1431,6.8617,7.002
2026-05-08,Organic,tablet,26,12,162.8456,18.6131,0.4615,6.2633,0.7159,5.5474,8.749
2026-05-08,Social,desktop,56,17,514.2491,222.09120000000001,0.3036,9.183,3.9659,5.2171,2.315
2026-05-08,Social,mobile,119,34,1017.3726,396.7571,0.2857,8.5493,3.3341,5.2152,2.564
2026-05-08,Social,tablet,14,2,108.0666,57.2038,0.1429,7.719,4.086,3.633,1.889
2026-05-09,Bing,desktop,121,45,585.4579,275.0503,0.3719,4.8385,2.2731,2.5654,2.129
2026-05-09,Bing,mobile,212,59,481.4402,572.2671,0.2783,2.2709,2.6994,-0.4285,0.841
2026-05-09,Bing,tablet,23,9,47.5632,42.1669,0.3913,2.068,1.8333,0.2347,1.128
2026-05-09,Google,desktop,352,172,2041.1929,1246.3387,0.4886,5.7988,3.5407,2.2581,1.638
2026-05-09,Google,mobile,561,245,2073.6656,1945.4971,0.4367,3.6964,3.4679,0.2285,1.066
2026-05-09,Google,tablet,87,39,350.4397,241.36690000000002,0.4483,4.028,2.7743,1.2537,1.452
2026-05-09,Organic,desktop,141,60,557.9626,61.9801,0.4255,3.9572,0.4396,3.5176,9.002
2026-05-09,Organic,mobile,253,108,1311.2903,144.5547,0.4269,5.183,0.5714,4.6116,9.071
2026-05-09,Organic,tablet,36,16,175.3346,18.618199999999998,0.4444,4.8704,0.5172,4.3532,9.417
2026-05-09,Social,desktop,59,16,274.727,123.1661,0.2712,4.6564,2.0876,2.5688,2.231
2026-05-09,Social,mobile,114,31,183.068,191.345,0.2719,1.6059,1.6785,-0.0726,0.957
2026-05-09,Social,tablet,14,5,66.34649999999999,36.7953,0.3571,4.739,2.6282,2.1108,1.803
2026-05-10,Bing,desktop,111,45,821.1274999999999,304.26619999999997,0.4054,7.3975,2.7411,4.6564,2.699
2026-05-10,Bing,mobile,211,74,872.7914,509.7067,0.3507,4.1365,2.4157,1.7208,1.712
2026-05-10,Bing,tablet,37,15,123.4923,91.9255,0.4054,3.3376,2.4845,0.8531,1.343
2026-05-10,Google,desktop,332,170,2478.2021,996.955,0.512,7.4645,3.0029,4.4616,2.486
2026-05-10,Google,mobile,584,245,2414.7407,1757.742,0.4195,4.1348,3.0098,1.125,1.374
2026-05-10,Google,tablet,86,42,376.9346,279.8085,0.4884,4.383,3.2536,1.1294,1.347
2026-05-10,Organic,desktop,156,74,545.0015999999999,73.8416,0.4744,3.4936,0.4733,3.0203,7.381
2026-05-10,Organic,mobile,226,108,975.8382,108.9268,0.4779,4.3179,0.482,3.8359,8.959
2026-05-10,Organic,tablet,46,13,233.38469999999998,25.4737,0.2826,5.0736,0.5538,4.5198,9.162
2026-05-10,Social,desktop,71,16,244.1478,158.8259,0.2254,3.4387,2.237,1.2017,1.537
2026-05-10,Social,mobile,97,33,346.9416,185.6623,0.3402,3.5767,1.914,1.6627,1.869
2026-05-10,Social,tablet,25,7,72.084,63.8063,0.28,2.8834,2.5523,0.3311,1.13
2026-05-11,Bing,desktop,105,41,1127.2579,653.281,0.3905,10.7358,6.2217,4.5141,1.726
2026-05-11,Bing,mobile,227,81,1421.5565,1098.8416,0.3568,6.2624,4.8407,1.4217,1.294
2026-05-11,Bing,tablet,28,7,72.60849999999999,112.752,0.25,2.5932,4.0269,-1.4337,0.644
2026-05-11,Google,desktop,324,158,3796.6659,2056.7261,0.4877,11.7181,6.3479,5.3702,1.846
2026-05-11,Google,mobile,552,241,5558.9155,3634.6402,0.4366,10.0705,6.5845,3.486,1.529
2026-05-11,Google,tablet,75,35,659.2677,512.051,0.4667,8.7902,6.8273,1.9629,1.288
2026-05-11,Organic,desktop,160,62,1502.2944,184.5618,0.3875,9.3893,1.1535,8.2358,8.14
2026-05-11,Organic,mobile,256,109,3291.6249,283.8573,0.4258,12.8579,1.1088,11.7491,11.596
2026-05-11,Organic,tablet,31,10,132.2413,38.3635,0.3226,4.2658,1.2375,3.0283,3.447
2026-05-11,Social,desktop,75,22,319.3003,296.247,0.2933,4.2573,3.95,0.3073,1.078
2026-05-11,Social,mobile,121,26,469.9941,466.5472,0.2149,3.8842,3.8558,0.0284,1.007
2026-05-11,Social,tablet,25,4,25.9618,103.5533,0.16,1.0385,4.1421,-3.1036,0.251
2026-05-12,Bing,desktop,128,39,833.5983,631.1952,0.3047,6.5125,4.9312,1.5813,1.321
2026-05-12,Bing,mobile,236,86,1485.8161,1176.2654,0.3644,6.2958,4.9842,1.3116,1.263
2026-05-12,Bing,tablet,20,10,197.72639999999998,94.0676,0.5,9.8863,4.7034,5.1829,2.102
2026-05-12,Google,desktop,341,139,3135.5609,2149.6873,0.4076,9.1952,6.3041,2.8911,1.459
2026-05-12,Google,mobile,596,269,6082.8842,3772.2968,0.4513,10.2062,6.3294,3.8768,1.613
2026-05-12,Google,tablet,58,19,483.8144,403.3768,0.3276,8.3416,6.9548,1.3868,1.199
2026-05-12,Organic,desktop,162,61,1389.1394,189.4554,0.3765,8.5749,1.1695,7.4054,7.332
2026-05-12,Organic,mobile,250,99,1914.4302,281.4027,0.396,7.6577,1.1256,6.5321,6.803
2026-05-12,Organic,tablet,36,20,369.0623,37.5958,0.5556,10.2517,1.0443,9.2074,9.817
2026-05-12,Social,desktop,73,12,267.2982,308.7686,0.1644,3.6616,4.2297,-0.5681,0.866
2026-05-12,Social,mobile,122,30,584.0772,459.572,0.2459,4.7875,3.767,1.0205,1.271
2026-05-12,Social,tablet,22,10,71.5842,74.8905,0.4545,3.2538,3.4041,-0.1503,0.956
2026-05-13,Bing,desktop,119,38,1118.0385999999999,579.3554,0.3193,9.3953,4.8685,4.5268,1.93
2026-05-13,Bing,mobile,212,65,1421.0212,1100.7317,0.3066,6.7029,5.1921,1.5108,1.291
2026-05-13,Bing,tablet,27,10,212.78680000000003,141.3163,0.3704,7.881,5.2339,2.6471,1.506
2026-05-13,Google,desktop,357,157,3477.2672,2346.6473,0.4398,9.7402,6.5732,3.167,1.482
2026-05-13,Google,mobile,563,248,5680.6726,3699.1792,0.4405,10.09,6.5705,3.5195,1.536
2026-05-13,Google,tablet,78,35,785.0024,502.3597,0.4487,10.0641,6.4405,3.6236,1.563
2026-05-13,Organic,desktop,133,59,1224.1624,141.8348,0.4436,9.2042,1.0664,8.1378,8.631
2026-05-13,Organic,mobile,275,103,1950.0908,275.6213,0.3745,7.0912,1.0023,6.0889,7.075
2026-05-13,Organic,tablet,37,15,298.24129999999997,43.021,0.4054,8.0606,1.1627,6.8979,6.932
2026-05-13,Social,desktop,75,31,874.4839,248.2607,0.4133,11.6598,3.3101,8.3497,3.522
2026-05-13,Social,mobile,104,37,909.0712,356.7281,0.3558,8.7411,3.4301,5.311,2.548
2026-05-13,Social,tablet,19,3,8.087499999999999,60.2796,0.1579,0.4257,3.1726,-2.7469,0.134
2026-05-14,Bing,desktop,105,34,975.039,421.9644,0.3238,9.2861,4.0187,5.2674,2.311
2026-05-14,Bing,mobile,193,53,916.0303,892.6805,0.2746,4.7463,4.6253,0.121,1.026
2026-05-14,Bing,tablet,30,8,140.83859999999999,149.6868,0.2667,4.6946,4.9896,-0.295,0.941
2026-05-14,Google,desktop,335,162,3318.7076,2142.2603,0.4836,9.9066,6.3948,3.5118,1.549
2026-05-14,Google,mobile,539,233,5459.8021,3737.0972,0.4323,10.1295,6.9334,3.1961,1.461
2026-05-14,Google,tablet,78,29,693.6295,460.6894,0.3718,8.8927,5.9063,2.9864,1.506
2026-05-14,Organic,desktop,150,68,1458.5063,168.1733,0.4533,9.7234,1.1212,8.6022,8.673
2026-05-14,Organic,mobile,248,97,1995.055,282.1443,0.3911,8.0446,1.1377,6.9069,7.071
2026-05-14,Organic,tablet,36,19,315.0616,35.3247,0.5278,8.7517,0.9812,7.7705,8.919
2026-05-14,Social,desktop,68,17,422.5097,242.6009,0.25,6.2134,3.5677,2.6457,1.742
2026-05-14,Social,mobile,106,37,720.8924,396.3058,0.3491,6.8009,3.7387,3.0622,1.819
2026-05-14,Social,tablet,19,4,7.1344,44.474199999999996,0.2105,0.3755,2.3407,-1.9652,0.16
2026-05-15,Bing,desktop,120,41,1124.0986,634.1348,0.3417,9.3675,5.2845,4.083,1.773
2026-05-15,Bing,mobile,199,68,1235.5761,897.9336000000001,0.3417,6.2089,4.5122,1.6967,1.376
2026-05-15,Bing,tablet,21,7,169.6554,103.82159999999999,0.3333,8.0788,4.9439,3.1349,1.634
2026-05-15,Google,desktop,327,136,3292.4285,2073.7622,0.4159,10.0686,6.3418,3.7268,1.588
2026-05-15,Google,mobile,579,264,5607.5434,3942.5223,0.456,9.6849,6.8092,2.8757,1.422
2026-05-15,Google,tablet,71,30,521.0667,352.613,0.4225,7.339,4.9664,2.3726,1.478
2026-05-15,Organic,desktop,130,63,1456.4373,122.2676,0.4846,11.2034,0.9405,10.2629,11.912
2026-05-15,Organic,mobile,260,103,1999.6452,278.8667,0.3962,7.6909,1.0726,6.6183,7.171
2026-05-15,Organic,tablet,38,19,401.7016,34.1547,0.5,10.5711,0.8988,9.6723,11.761
2026-05-15,Social,desktop,62,18,487.2483,235.7899,0.2903,7.8588,3.8031,4.0557,2.066
2026-05-15,Social,mobile,111,38,386.8247,387.084,0.3423,3.4849,3.4872,-0.0023,0.999
2026-05-15,Social,tablet,15,6,311.8427,61.2267,0.4,20.7895,4.0818,16.7077,5.093
2026-05-16,Bing,desktop,127,55,401.8854,338.5527,0.4331,3.1645,2.6658,0.4987,1.187
2026-05-16,Bing,mobile,189,58,890.0638,445.9636,0.3069,4.7093,2.3596,2.3497,1.996
2026-05-16,Bing,tablet,38,11,91.0439,88.26689999999999,0.2895,2.3959,2.3228,0.0731,1.031
2026-05-16,Google,desktop,285,110,1045.0229,910.0588,0.386,3.6667,3.1932,0.4735,1.148
2026-05-16,Google,mobile,587,246,2721.3784,2016.0442,0.4191,4.6361,3.4345,1.2016,1.35
2026-05-16,Google,tablet,68,32,180.6808,164.8973,0.4706,2.6571,2.425,0.2321,1.096
2026-05-16,Organic,desktop,154,70,1430.9977999999999,97.5983,0.4545,9.2922,0.6338,8.6584,14.662
2026-05-16,Organic,mobile,256,100,1328.8116,136.5243,0.3906,5.1907,0.5333,4.6574,9.733
2026-05-16,Organic,tablet,35,15,125.3588,17.776300000000003,0.4286,3.5817,0.5079,3.0738,7.052
2026-05-16,Social,desktop,71,23,457.7296,153.903,0.3239,6.4469,2.1676,4.2793,2.974
2026-05-16,Social,mobile,124,41,358.8686,248.1024,0.3306,2.8941,2.0008,0.8933,1.446
2026-05-16,Social,tablet,24,5,62.705400000000004,43.3007,0.2083,2.6127,1.8042,0.8085,1.448
2026-05-17,Bing,desktop,113,42,263.8446,231.9181,0.3717,2.3349,2.0524,0.2825,1.138
2026-05-17,Bing,mobile,214,81,903.3109000000001,434.5429,0.3785,4.2211,2.0306,2.1905,2.079
2026-05-17,Bing,tablet,40,13,76.4896,55.1057,0.325,1.9122,1.3776,0.5346,1.388
2026-05-17,Google,desktop,315,143,1291.3265999999999,949.2342,0.454,4.0994,3.0134,1.086,1.36
2026-05-17,Google,mobile,558,248,2384.1551,1737.367,0.4444,4.2727,3.1136,1.1591,1.372
2026-05-17,Google,tablet,91,46,289.6434,256.2129,0.5055,3.1829,2.8155,0.3674,1.13
2026-05-17,Organic,desktop,128,61,567.9628,64.8788,0.4766,4.4372,0.5069,3.9303,8.754
2026-05-17,Organic,mobile,256,107,1546.7595,148.9416,0.418,6.042,0.5818,5.4602,10.385
2026-05-17,Organic,tablet,34,15,158.554,19.3647,0.4412,4.6634,0.5696,4.0938,8.188
2026-05-17,Social,desktop,65,20,112.4802,102.977,0.3077,1.7305,1.5843,0.1462,1.092
2026-05-17,Social,mobile,114,32,493.819,207.4931,0.2807,4.3317,1.8201,2.5116,2.38
2026-05-17,Social,tablet,14,1,3.4018,26.8663,0.0714,0.243,1.919,-1.676,0.127
2026-05-18,Bing,desktop,113,37,1772.4495,627.7273,0.3274,15.6854,5.5551,10.1303,2.824
2026-05-18,Bing,mobile,214,74,1233.3223,1091.0548,0.3458,5.7632,5.0984,0.6648,1.13
2026-05-18,Bing,tablet,35,13,314.2449,139.6722,0.3714,8.9784,3.9906,4.9878,2.25
2026-05-18,Google,desktop,319,136,2563.5144,1988.7109,0.4263,8.0361,6.2342,1.8019,1.289
2026-05-18,Google,mobile,559,262,5133.649,3745.3448,0.4687,9.1836,6.7001,2.4835,1.371
2026-05-18,Google,tablet,79,33,515.7293,473.5075,0.4177,6.5282,5.9938,0.5344,1.089
2026-05-18,Organic,desktop,145,64,1711.2124,143.8259,0.4414,11.8015,0.9919,10.8096,11.898
2026-05-18,Organic,mobile,241,106,2961.2834,281.7354,0.4398,12.2875,1.169,11.1185,10.511
2026-05-18,Organic,tablet,41,18,490.2947,41.0411,0.439,11.9584,1.001,10.9574,11.946
2026-05-18,Social,desktop,81,27,879.4155,293.4412,0.3333,10.857,3.6227,7.2343,2.997
2026-05-18,Social,mobile,102,34,513.0848,440.5377,0.3333,5.0302,4.319,0.7112,1.165
2026-05-18,Social,tablet,11,3,32.8438,29.138,0.2727,2.9858,2.6489,0.3369,1.127
2026-05-19,Bing,desktop,101,28,661.4704,466.9784,0.2772,6.5492,4.6235,1.9257,1.416
2026-05-19,Bing,mobile,195,68,814.8613,916.2448,0.3487,4.1788,4.6987,-0.5199,0.889
2026-05-19,Bing,tablet,18,6,195.1841,87.49719999999999,0.3333,10.8436,4.861,5.9826,2.231
2026-05-19,Google,desktop,337,139,2386.4082,2108.2934,0.4125,7.0813,6.2561,0.8252,1.132
2026-05-19,Google,mobile,583,279,6468.1814,3785.604,0.4786,11.0947,6.4933,4.6014,1.709
2026-05-19,Google,tablet,60,20,339.1644,381.8092,0.3333,5.6527,6.3635,-0.7108,0.888
2026-05-19,Organic,desktop,158,62,1397.8876,183.6382,0.3924,8.8474,1.1623,7.6851,7.612
2026-05-19,Organic,mobile,269,110,3025.8813,283.74,0.4089,11.2486,1.0548,10.1938,10.664
2026-05-19,Organic,tablet,36,16,408.87239999999997,37.3454,0.4444,11.3576,1.0374,10.3202,10.948
2026-05-19,Social,desktop,67,16,125.8339,252.921,0.2388,1.8781,3.7749,-1.8968,0.498
2026-05-19,Social,mobile,121,42,677.4263,475.372,0.3471,5.5986,3.9287,1.6699,1.425
2026-05-19,Social,tablet,14,5,128.09969999999998,61.311,0.3571,9.15,4.3794,4.7706,2.089
2026-05-20,Bing,desktop,123,51,1978.0044,619.3604,0.4146,16.0813,5.0355,11.0458,3.194
2026-05-20,Bing,mobile,185,57,868.7823,977.306,0.3081,4.6961,5.2827,-0.5866,0.889
2026-05-20,Bing,tablet,29,6,55.1603,136.7022,0.2069,1.9021,4.7139,-2.8118,0.404
2026-05-20,Google,desktop,303,148,3591.0933,2171.14,0.4884,11.8518,7.1655,4.6863,1.654
2026-05-20,Google,mobile,611,254,7417.4771,4293.9998,0.4157,12.1399,7.0278,5.1121,1.727
2026-05-20,Google,tablet,64,26,333.5989,447.6567,0.4062,5.2125,6.9946,-1.7821,0.745
2026-05-20,Organic,desktop,151,59,1317.5814,167.8013,0.3907,8.7257,1.1113,7.6144,7.852
2026-05-20,Organic,mobile,241,98,2085.3546,284.0293,0.4066,8.6529,1.1785,7.4744,7.342
2026-05-20,Organic,tablet,42,11,223.25029999999998,39.6703,0.2619,5.3155,0.9445,4.371,5.628
2026-05-20,Social,desktop,77,19,328.19010000000003,335.1027,0.2468,4.2622,4.352,-0.0898,0.979
2026-05-20,Social,mobile,110,23,312.9557,417.8213,0.2091,2.8451,3.7984,-0.9533,0.749
2026-05-20,Social,tablet,18,9,158.3108,44.345,0.5,8.795,2.4636,6.3314,3.57
2026-05-21,Bing,desktop,120,40,712.2168,462.3385,0.3333,5.9351,3.8528,2.0823,1.54
2026-05-21,Bing,mobile,192,72,1475.6646,1121.416,0.375,7.6858,5.8407,1.8451,1.316
2026-05-21,Bing,tablet,35,11,326.87289999999996,254.0803,0.3143,9.3392,7.2594,2.0798,1.286
2026-05-21,Google,desktop,301,148,2792.8858,1989.9085,0.4917,9.2787,6.611,2.6677,1.404
2026-05-21,Google,mobile,577,251,5149.3481,3710.7312,0.435,8.9243,6.4311,2.4932,1.388
2026-05-21,Google,tablet,69,32,1000.3163,454.3508,0.4638,14.4973,6.5848,7.9125,2.202
2026-05-21,Organic,desktop,172,78,1366.7211,205.4331,0.4535,7.9461,1.1944,6.7517,6.653
2026-05-21,Organic,mobile,239,97,3239.5883,265.5437,0.4059,13.5548,1.1111,12.4437,12.2
2026-05-21,Organic,tablet,33,18,349.8642,36.9836,0.5455,10.6019,1.1207,9.4812,9.46
2026-05-21,Social,desktop,68,26,1051.6986,237.8812,0.3824,15.4662,3.4983,11.9679,4.421
2026-05-21,Social,mobile,127,41,412.3962,475.5774,0.3228,3.2472,3.7447,-0.4975,0.867
2026-05-21,Social,tablet,28,7,540.4907,127.1882,0.25,19.3032,4.5424,14.7608,4.25
2026-05-22,Bing,desktop,96,32,1073.2216,455.8751,0.3333,11.1794,4.7487,6.4307,2.354
2026-05-22,Bing,mobile,190,73,1489.7154,1018.5295,0.3842,7.8406,5.3607,2.4799,1.463
2026-05-22,Bing,tablet,26,7,49.321799999999996,69.5328,0.2692,1.897,2.6743,-0.7773,0.709
2026-05-22,Google,desktop,349,159,4915.3302,2440.0769,0.4556,14.084,6.9916,7.0924,2.014
2026-05-22,Google,mobile,595,251,5620.8454,4080.9519,0.4218,9.4468,6.8587,2.5881,1.377
2026-05-22,Google,tablet,73,29,388.299,342.0622,0.3973,5.3192,4.6858,0.6334,1.135
2026-05-22,Organic,desktop,140,57,1179.5834,142.36939999999998,0.4071,8.4256,1.0169,7.4087,8.285
2026-05-22,Organic,mobile,255,106,2373.9923,281.9888,0.4157,9.3098,1.1058,8.204,8.419
2026-05-22,Organic,tablet,33,12,101.84140000000001,32.9378,0.3636,3.0861,0.9981,2.088,3.092
2026-05-22,Social,desktop,60,20,546.3205,160.039,0.3333,9.1053,2.6673,6.438,3.414
2026-05-22,Social,mobile,109,25,390.8879,321.4879,0.2294,3.5861,2.9494,0.6367,1.216
2026-05-22,Social,tablet,17,8,126.7378,59.827799999999996,0.4706,7.4552,3.5193,3.9359,2.118
2026-05-23,Bing,desktop,101,30,432.4858,258.8814,0.297,4.282,2.5632,1.7188,1.671
2026-05-23,Bing,mobile,218,81,762.6551,501.5005,0.3716,3.4984,2.3005,1.1979,1.521
2026-05-23,Bing,tablet,19,8,65.0742,56.1049,0.4211,3.425,2.9529,0.4721,1.16
2026-05-23,Google,desktop,352,154,1631.2175,1123.531,0.4375,4.6341,3.1918,1.4423,1.452
2026-05-23,Google,mobile,561,258,2944.352,1754.9003,0.4599,5.2484,3.1282,2.1202,1.678
2026-05-23,Google,tablet,64,27,230.7304,176.5064,0.4219,3.6052,2.7579,0.8473,1.307
2026-05-23,Organic,desktop,141,43,977.557,98.0702,0.305,6.933,0.6955,6.2375,9.968
2026-05-23,Organic,mobile,252,89,1062.2542,134.8145,0.3532,4.2153,0.535,3.6803,7.879
2026-05-23,Organic,tablet,35,14,76.7133,10.5843,0.4,2.1918,0.3024,1.8894,7.248
2026-05-23,Social,desktop,75,20,418.57980000000003,150.7443,0.2667,5.5811,2.0099,3.5712,2.777
2026-05-23,Social,mobile,110,28,394.6925,219.7715,0.2545,3.5881,1.9979,1.5902,1.796
2026-05-23,Social,tablet,10,3,65.7132,15.917399999999999,0.3,6.5713,1.5917,4.9796,4.128
2026-05-24,Bing,desktop,121,51,533.3148,302.8042,0.4215,4.4076,2.5025,1.9051,1.761
2026-05-24,Bing,mobile,191,64,528.0479,365.1214,0.3351,2.7646,1.9116,0.853,1.446
2026-05-24,Bing,tablet,28,14,133.2674,83.6812,0.5,4.7596,2.9886,1.771,1.593
2026-05-24,Google,desktop,310,147,1645.8037,972.2702,0.4742,5.309,3.1364,2.1726,1.693
2026-05-24,Google,mobile,594,285,2816.1319,1724.2197,0.4798,4.741,2.9027,1.8383,1.633
2026-05-24,Google,tablet,81,38,385.5039,244.5717,0.4691,4.7593,3.0194,1.7399,1.576
2026-05-24,Organic,desktop,157,64,760.5337,97.2221,0.4076,4.8442,0.6192,4.225,7.823
2026-05-24,Organic,mobile,269,111,1332.4385,156.8803,0.4126,4.9533,0.5832,4.3701,8.493
2026-05-24,Organic,tablet,27,14,164.93140000000002,17.6463,0.5185,6.1086,0.6536,5.455,9.347
2026-05-24,Social,desktop,69,24,275.8815,129.4298,0.3478,3.9983,1.8758,2.1225,2.132
2026-05-24,Social,mobile,127,33,362.7011,228.7307,0.2598,2.8559,1.801,1.0549,1.586
2026-05-24,Social,tablet,13,4,56.3545,32.6224,0.3077,4.335,2.5094,1.8256,1.727
2026-05-25,Bing,desktop,135,53,836.6251,628.1102999999999,0.3926,6.1972,4.6527,1.5445,1.332
2026-05-25,Bing,mobile,217,63,1263.5913,1187.9462,0.2903,5.823,5.4744,0.3486,1.064
2026-05-25,Bing,tablet,22,5,40.8015,111.2832,0.2273,1.8546,5.0583,-3.2037,0.367
2026-05-25,Google,desktop,342,156,4426.785,2309.4292,0.4561,12.9438,6.7527,6.1911,1.917
2026-05-25,Google,mobile,555,224,5286.3843,3672.6205,0.4036,9.525,6.6173,2.9077,1.439
2026-05-25,Google,tablet,75,36,744.3754,545.1804,0.48,9.925,7.2691,2.6559,1.365
2026-05-25,Organic,desktop,141,54,1442.8156,142.5286,0.383,10.2327,1.0108,9.2219,10.123
2026-05-25,Organic,mobile,241,97,1779.655,272.3716,0.4025,7.3845,1.1302,6.2543,6.534
2026-05-25,Organic,tablet,36,13,219.3464,37.1458,0.3611,6.093,1.0318,5.0612,5.905
2026-05-25,Social,desktop,65,17,438.8017,302.2552,0.2615,6.7508,4.6501,2.1007,1.452
2026-05-25,Social,mobile,130,37,635.985,392.7648,0.2846,4.8922,3.0213,1.8709,1.619
2026-05-25,Social,tablet,14,5,91.5738,63.1893,0.3571,6.541,4.5135,2.0275,1.449
2026-05-26,Bing,desktop,105,47,592.9971,448.7632,0.4476,5.6476,4.2739,1.3737,1.321
2026-05-26,Bing,mobile,229,76,1477.0279,1108.9867,0.3319,6.4499,4.8427,1.6072,1.332
2026-05-26,Bing,tablet,25,8,136.3654,110.3271,0.32,5.4546,4.4131,1.0415,1.236
2026-05-26,Google,desktop,331,137,3625.0372,2388.1748,0.4139,10.9518,7.215,3.7368,1.518
2026-05-26,Google,mobile,543,239,5601.5024,3722.1956999999998,0.4401,10.3158,6.8549,3.4609,1.505
2026-05-26,Google,tablet,74,26,635.9739999999999,528.8616,0.3514,8.5942,7.1468,1.4474,1.203
2026-05-26,Organic,desktop,143,63,1301.4117,180.4824,0.4406,9.1008,1.2621,7.8387,7.211
2026-05-26,Organic,mobile,243,102,2123.4487,269.6583,0.4198,8.7385,1.1097,7.6288,7.875
2026-05-26,Organic,tablet,29,9,270.8778,38.5074,0.3103,9.3406,1.3278,8.0128,7.034
2026-05-26,Social,desktop,53,11,320.3086,233.6609,0.2075,6.0436,4.4087,1.6349,1.371
2026-05-26,Social,mobile,123,40,1533.4644,432.9969,0.3252,12.4672,3.5203,8.9469,3.542
2026-05-26,Social,tablet,14,2,19.8815,27.9392,0.1429,1.4201,1.9957,-0.5756,0.712
2026-05-27,Bing,desktop,125,40,556.3081,526.1298,0.32,4.4505,4.209,0.2415,1.057
2026-05-27,Bing,mobile,192,61,876.0866,925.8515,0.3177,4.563,4.8221,-0.2591,0.946
2026-05-27,Bing,tablet,31,13,263.5906,174.7498,0.4194,8.5029,5.6371,2.8658,1.508
2026-05-27,Google,desktop,387,179,4642.7785,2500.5983,0.4625,11.9968,6.4615,5.5353,1.857
2026-05-27,Google,mobile,600,277,7749.0908,4077.878,0.4617,12.9152,6.7965,6.1187,1.9
2026-05-27,Google,tablet,83,38,509.4012,681.4581000000001,0.4578,6.1374,8.2103,-2.0729,0.748
2026-05-27,Organic,desktop,169,72,1661.3062,167.792,0.426,9.8302,0.9929,8.8373,9.901
2026-05-27,Organic,mobile,279,120,2958.8840999999998,296.2071,0.4301,10.6053,1.0617,9.5436,9.989
2026-05-27,Organic,tablet,31,10,106.9939,33.345,0.3226,3.4514,1.0756,2.3758,3.209
2026-05-27,Social,desktop,68,23,384.9912,260.9379,0.3382,5.6616,3.8373,1.8243,1.475
2026-05-27,Social,mobile,104,31,582.4964,389.9995,0.2981,5.6009,3.75,1.8509,1.494
2026-05-27,Social,tablet,18,3,165.1866,75.9534,0.1667,9.177,4.2196,4.9574,2.175
2026-05-28,Bing,desktop,124,48,627.5028,572.7173,0.3871,5.0605,4.6187,0.4418,1.096
2026-05-28,Bing,mobile,206,55,1374.1558,901.0903,0.267,6.6707,4.3742,2.2965,1.525
2026-05-28,Bing,tablet,26,7,83.8639,84.4485,0.2692,3.2255,3.248,-0.0225,0.993
2026-05-28,Google,desktop,334,153,4078.0335,2078.3284,0.4581,12.2097,6.2225,5.9872,1.962
2026-05-28,Google,mobile,594,261,5940.6889,4008.3775,0.4394,10.0012,6.7481,3.2531,1.482
2026-05-28,Google,tablet,76,28,1202.9175,469.1813,0.3684,15.8279,6.1734,9.6545,2.564
2026-05-28,Organic,desktop,134,64,1075.5141,123.1851,0.4776,8.0262,0.9193,7.1069,8.731
2026-05-28,Organic,mobile,262,111,2114.5481,275.2145,0.4237,8.0708,1.0504,7.0204,7.683
2026-05-28,Organic,tablet,31,16,230.91289999999998,29.448,0.5161,7.4488,0.9499,6.4989,7.841
2026-05-28,Social,desktop,73,23,422.79200000000003,234.1228,0.3151,5.7917,3.2072,2.5845,1.806
2026-05-28,Social,mobile,96,35,568.332,365.2575,0.3646,5.9201,3.8048,2.1153,1.556
2026-05-28,Social,tablet,18,6,191.4337,70.1878,0.3333,10.6352,3.8993,6.7359,2.727
2026-05-29,Bing,desktop,117,43,813.34,515.1867,0.3675,6.9516,4.4033,2.5483,1.579
2026-05-29,Bing,mobile,202,64,1359.3319999999999,1029.0881,0.3168,6.7294,5.0945,1.6349,1.321
2026-05-29,Bing,tablet,28,9,90.3014,72.1685,0.3214,3.225,2.5774,0.6476,1.251
2026-05-29,Google,desktop,359,182,4071.501,2311.8928,0.507,11.3412,6.4398,4.9014,1.761
2026-05-29,Google,mobile,585,256,5462.8161,3980.2122,0.4376,9.3381,6.8038,2.5343,1.372
2026-05-29,Google,tablet,68,32,1162.0307,499.4313,0.4706,17.0887,7.3446,9.7441,2.327
2026-05-29,Organic,desktop,152,59,1193.7882,143.7239,0.3882,7.8539,0.9456,6.9083,8.306
2026-05-29,Organic,mobile,283,106,1809.2091,305.3317,0.3746,6.393,1.0789,5.3141,5.925
2026-05-29,Organic,tablet,47,24,417.3477,49.939,0.5106,8.8797,1.0625,7.8172,8.357
2026-05-29,Social,desktop,64,25,244.2155,219.3941,0.3906,3.8159,3.428,0.3879,1.113
2026-05-29,Social,mobile,106,27,602.2591000000001,442.5658,0.2547,5.6817,4.1751,1.5066,1.361
2026-05-29,Social,tablet,18,7,120.3454,68.8522,0.3889,6.6859,3.8251,2.8608,1.748
2026-05-30,Bing,desktop,113,36,517.2583999999999,288.3213,0.3186,4.5775,2.5515,2.026,1.794
2026-05-30,Bing,mobile,193,61,546.9962,447.8465,0.3161,2.8342,2.3204,0.5138,1.221
2026-05-30,Bing,tablet,32,5,46.143699999999995,76.4947,0.1562,1.442,2.3905,-0.9485,0.603
2026-05-30,Google,desktop,337,152,2193.5799,1187.0857,0.451,6.5091,3.5225,2.9866,1.848
2026-05-30,Google,mobile,620,301,2585.5055,1949.1444,0.4855,4.1702,3.1438,1.0264,1.326
2026-05-30,Google,tablet,68,31,203.3525,230.4002,0.4559,2.9905,3.3882,-0.3977,0.883
2026-05-30,Organic,desktop,145,59,512.9322,65.6658,0.4069,3.5375,0.4529,3.0846,7.811
2026-05-30,Organic,mobile,249,91,721.1771,131.2886,0.3655,2.8963,0.5273,2.369,5.493
2026-05-30,Organic,tablet,42,21,151.1523,12.9024,0.5,3.5989,0.3072,3.2917,11.715
2026-05-30,Social,desktop,58,14,216.3873,96.3291,0.2414,3.7308,1.6608,2.07,2.246
2026-05-30,Social,mobile,126,36,381.53,264.6384,0.2857,3.028,2.1003,0.9277,1.442
2026-05-30,Social,tablet,12,5,84.5679,26.3041,0.4167,7.0473,2.192,4.8553,3.215
